,Month,Algonquin,Appalachia,Chicago,NBPL,Opal,Socal,TGP,Transco Z5,Waha,Henry,LNG,AECO,Mexico,Gas_Month
0,Jan-01,83.92,310.998,550.58,196.649,157.916,322.336,138.167,212.699,157.521,525.07,0,276,8.1,Jul-00
1,Feb-01,76.819,269.343,467.623,170.472,151.239,294.362,98.398,165.495,137.2377,457.459,0,240.6,8,Aug-00
2,Mar-01,77.046,264.568,441.012,149.266,135.07,273.952,94.735,165.432,144.033,480.11,0,263.3,7.1,Sep-00
3,Apr-01,57.932,190.726,267.664,100.117,115.249,254.965,81.459,133.078,137.4774,458.258,0,234.9,5.3,Oct-00
4,May-01,47.774,140.702,181.361,63.781,94.856,232.132,64.901,112.596,133.251,444.17,0,235.1,9.9,Nov-00
5,Jun-01,42.419,135.686,158.271,57.166,80.155,216.908,62.307,116.08,132.5049,441.683,0,230.6,11.2,Dec-00
6,Jul-01,43.164,138.339,164.284,70.368,79.52,229.331,75.868,133.312,156.9807,523.269,0,266.6,15.1,Jan-01
7,Aug-01,49.915,157.691,169.745,69.463,78.728,247.119,78.314,144.912,159.1371,530.457,0,263.7,15.7,Feb-01
8,Sep-01,51.9,143.19,157.554,59.185,71.802,225.381,71.749,132.484,133.6026,445.342,0,232.2,17.8,Mar-01
9,Oct-01,54.54,160.596,234.972,72.643,81.051,235.978,81.437,145.1,131.5941,438.647,0,248.2,15.9,Apr-01
10,Nov-01,56.115,174.751,271.933,91.057,93.879,235.393,83.582,141.92,123.0168,410.056,0,221.6,15.5,May-01
11,Dec-01,68.561,235.174,387.986,131.491,133.08,287.007,100.553,169.031,134.7048,449.016,0,227.2,10.8,Jun-01
12,Jan-02,87.98,284.181,473.09,168.553,143.337,291.214,129.04,215.355,156.1272,520.424,0,269.7,12.6,Jul-01
13,Feb-02,82.649,266.109,429.674,146.405,135.224,246.366,117.79,187.533,142.0944,473.648,0,242.1,10.8,Aug-01
14,Mar-02,78.652,252.535,428.094,152.832,130.213,266.027,111.488,182.983,146.73,489.1,0,263.3,18.2,Sep-01
15,Apr-02,62.767,197.21,327.716,106.151,91.937,208.451,86.574,152.897,149.2638,497.546,0,245.7,19.1,Oct-01
16,May-02,59.226,152.23,234.13,75.861,78.495,194.854,73.072,140.848,137.6925,458.975,0,242.5,22.8,Nov-01
17,Jun-02,53.509,142.989,186.802,60.89,76.71,197.948,79.777,147.858,151.5291,505.097,0,243.7,25,Dec-01
18,Jul-02,52.112,158.009,200.491,71.057,89.088,225.157,89.495,170.27,163.4253,544.751,0,270.2,27.6,Jan-02
19,Aug-02,58.182,161.376,183.608,69.224,81.238,223.039,83.027,173.137,164.0448,546.816,0,281.1,28.9,Feb-02
20,Sep-02,53.036,139.688,164.609,63.251,81.458,213.311,73.505,149.47,140.3529,467.843,0,273.8,27.5,Mar-02
21,Oct-02,56.931,152.859,241.151,81.481,100.715,217.31,70.467,154.131,128.5293,428.431,0,274.7,26.3,Apr-02
22,Nov-02,69.964,217.698,348.12,121.858,113.55,218.219,82.677,168.378,126.2442,420.814,0,267.9,21.3,May-02
23,Dec-02,90.047,293.399,472.756,153.617,135.429,266.248,114.967,215.135,139.758,465.86,0,303.4,23.1,Jun-02
24,Jan-03,91.594,334.05,591.893,185.08,135.752,268.299,142.076,253.531,156.9276,523.092,0,302.4,28.1,Jul-02
25,Feb-03,88.045,329.586,530.421,180.496,133.17,253.673,125.772,215.745,144.9555,483.185,0,261.3,25.2,Aug-02
26,Mar-03,80.839,282.528,424.91,146.116,121.52,244.685,95.302,182.188,137.4786,458.262,0,267,17.4,Sep-02
27,Apr-03,65.298,202.879,289.142,94.766,91.112,211.43,75.623,154.17,124.6362,415.454,0,257.9,20.5,Oct-02
28,May-03,48.552,144.198,195.771,67.481,80.257,192.765,64.179,139.448,133.1235,443.745,0,255.3,29.5,Nov-02
29,Jun-03,44.803,117.069,149.683,52.558,72.672,186.642,62.53,125.771,127.7556,425.852,0,235.5,30.9,Dec-02
30,Jul-03,50.922,131.111,148.293,64.02,95.239,231.243,65.842,141.695,160.1088,533.696,0,254.5,28.7,Jan-03
31,Aug-03,51.24,137.864,168.223,66.367,96.879,226.983,74.479,146.191,162.45,541.5,0,254.1,31.6,Feb-03
32,Sep-03,46.671,117.749,148.529,57.792,85.46,223.974,60.668,130.403,127.6617,425.539,0,239.6,29.2,Mar-03
33,Oct-03,58.719,137.507,221.657,71.354,87.74,224.165,60.084,141.525,123.2904,410.968,0,241.9,34.5,Apr-03
34,Nov-03,61.905,167.691,308.093,106.057,109.62,235.398,69.77,158.443,118.4946,394.982,0,234.5,34,May-03
35,Dec-03,74.275,252.36,442.008,153.401,136.515,276.509,105.991,213.708,134.2575,447.525,0,276.4,33.2,Jun-03
36,Jan-04,89.637,330.835,584.502,190.125,155.612,297.842,128.701,249.366,143.4606,478.202,0,267.4,30.9,Jul-03
37,Feb-04,93.918,326.525,500.392,175.103,150.657,281.744,121.525,230.34,141.7401,472.467,0,247.5,26.8,Aug-03
38,Mar-04,78.687,256.59,393.841,132.131,114.017,247.974,99.698,181.134,133.0422,443.474,0,251.1,29.7,Sep-03
39,Apr-04,72.298,203.986,278.039,89.868,95.37,224.563,80.319,156.148,121.5372,405.124,0,234.6,23.6,Oct-03
40,May-04,50.567,159.452,201.162,67.994,91.303,206.734,78.152,155.068,128.4462,428.154,0,230.6,32.1,Nov-03
41,Jun-04,48.756,128.593,155.701,58.748,90.068,201.582,71.204,149.979,134.6676,448.892,0,236.8,36,Dec-03
42,Jul-04,48.828,128.472,154.285,57.985,102.942,233.689,78.523,154.364,147.1584,490.528,0,247.8,38.2,Jan-04
43,Aug-04,49.114,128.886,153.836,58.168,96.381,236.088,75.755,155.957,146.64,488.8,0,249.2,39.3,Feb-04
44,Sep-04,45.279,126.969,151.72,58.23,88.346,230.896,64.939,147.9,132.2058,440.686,0,238,37.3,Mar-04
45,Oct-04,46.846,129.247,205.824,72.67,95.047,231.25,67.558,144.438,129.0099,430.033,0,237.5,34,Apr-04
46,Nov-04,60.453,187.974,294.123,100.107,121.036,260.697,69.077,154.068,118.7484,395.828,0,266.3,35,May-04
47,Dec-04,72.817,262.076,459.408,151.986,151.31,299.087,102.925,218.381,135.4794,451.598,0,284.7,34.3,Jun-04
48,Jan-05,85.555,304.224,541.786,190.195,156.703,298.751,117.036,244.019,135.3249,451.083,0,287.3,32.7,Jul-04
49,Feb-05,88.648,294.696,442.481,154.061,135.983,264.73,103.246,208.921,118.6572,395.524,0,252.6,31.4,Aug-04
50,Mar-05,86.39,291.598,440.29,133.979,119.387,242.342,103.655,216.254,122.4069,408.023,0,280,25.9,Sep-04
51,Apr-05,71.08,192.838,271.46,90.121,111.252,222.833,75.348,153.65,117.8535,392.845,0,236.6,20.7,Oct-04
52,May-05,54.932,143.671,200.885,70.323,92.608,199.484,71.235,144.095,121.8603,406.201,0,238.5,26.7,Nov-04
53,Jun-05,52.928,135.513,182.918,64.553,86.724,190.925,76.343,156.838,135.0795,450.265,0,223.3,32.7,Dec-04
54,Jul-05,53.858,147.804,181.304,67.024,107.795,233.241,84.049,194.73,142.3917,474.639,0,276.9,29.6,Jan-05
55,Aug-05,54.905,149.03,178.472,67.783,103.04,232.393,92.463,197.693,143.1195,477.065,0,259.1,27.1,Feb-05
56,Sep-05,44.505,121.34,154.944,60.428,92.082,208.083,67.146,152.932,119.2095,397.365,0,247,22.1,Mar-05
57,Oct-05,43.446,118.572,194.736,67.771,97.55,207.85,61.969,146.309,108.2952,360.984,0,258,20.3,Apr-05
58,Nov-05,51.793,161.329,293.576,100.707,111.93,225.014,75.645,160.527,103.3047,344.349,0,250.7,18.9,May-05
59,Dec-05,71.928,262.613,493.018,163.33,159.431,272.708,112.569,221.217,121.818,406.06,0,294,16.9,Jun-05
60,Jan-06,81.471,265.086,418.865,152.249,149.116,258.209,97.673,202.062,113.9946,379.982,0,266.2,18,Jul-05
61,Feb-06,76.965,266.735,424.606,149.754,142.43,245.867,97.695,212.602,112.9788,376.596,0,235.4,20.5,Aug-05
62,Mar-06,85.083,267.051,383.599,131.71,136.748,266.295,94.16,203.37,119.5938,398.646,0,262.8,26.5,Sep-05
63,Apr-06,60.378,178.583,250.496,90.562,106.146,215.024,76.954,164.537,119.0637,396.879,0,230.2,24,Oct-05
64,May-06,53.164,142.337,186.744,67.795,89.979,196.831,72.077,167.231,123.2415,410.805,0,237.4,35.6,Nov-05
65,Jun-06,51.494,140.626,155.002,67.607,99.435,199.787,85.148,179.507,130.0446,433.482,0,238.4,37.1,Dec-05
66,Jul-06,60.064,168.705,176.659,78.945,111.062,244.467,96.811,208.914,139.9236,466.412,0,257.9,36.6,Jan-06
67,Aug-06,52.354,157.759,169.408,75.322,110.79,228.492,102.947,211.826,148.7472,495.824,0,257.2,31.9,Feb-06
68,Sep-06,49.201,124.975,149.331,61.311,97.516,223.411,70.247,159.122,117.0654,390.218,0,238.6,25.9,Mar-06
69,Oct-06,58.298,149.24,235.088,87.15,113.986,227.866,75.2,172.804,113.4735,378.245,0,242.5,25.3,Apr-06
70,Nov-06,54.472,173.322,307.933,114.122,122.723,233.773,80.93,176,106.3062,354.354,0,233.5,19.9,May-06
71,Dec-06,65.279,219.497,380.378,143.124,160.105,286.27,99.944,196.541,122.5965,408.655,0,259.6,20.6,Jun-06
72,Jan-07,79.683,272.075,451.827,181.228,197.258,307.217,112.927,226.65,141.3573,471.191,0,285.8,23.7,Jul-06
73,Feb-07,89.789,321.083,546.826,197.519,159.461,265.866,132.698,243.817,131.7381,439.127,0,273.2,17.2,Aug-06
74,Mar-07,86.063,284.062,395.397,140.491,121.789,229.694,97.384,191.566,124.5654,415.218,0,264.3,18.9,Sep-06
75,Apr-07,74.661,215.145,295.812,107.407,107.377,206.927,87.092,178.422,115.434,384.78,0,241.3,15.5,Oct-06
76,May-07,54.191,149.924,188.733,78.379,107.084,197.121,78.849,159.756,119.0559,396.853,0,246.6,23.9,Nov-06
77,Jun-07,48.545,141.574,152.933,69.875,111.957,205.824,79.847,176.927,126.741,422.47,0,253.4,25.8,Dec-06
78,Jul-07,57.996,154.929,149.747,78.625,125.027,233.402,82.084,195.429,129.8106,432.702,0,274.1,28.5,Jan-07
79,Aug-07,60.451,175.22,185.548,88.368,121.401,251.246,117.786,241.95,148.9674,496.558,0,294,30,Feb-07
80,Sep-07,52.595,139.727,149.919,74.447,112.853,229.343,85.584,187.312,123.5058,411.686,0,282.2,28.5,Mar-07
81,Oct-07,50.304,145.531,186.454,81.429,115.718,239.969,81.277,183.717,117.3366,391.122,0,280.3,28.9,Apr-07
82,Nov-07,61.314,206.192,290.871,120.037,126.529,251.386,79.524,182.917,107.1225,357.075,0,277.1,25.7,May-07
83,Dec-07,86.812,294.276,437.581,179.417,173.61,307.207,104.1,221.403,124.3965,414.655,0,330.5,25.4,Jun-07
84,Jan-08,93.153,311.346,508.654,213.305,199.912,331.427,140.76,258.755,146.928,489.76,0,321,39.9,Jul-07
85,Feb-08,88.02,304.885,505.491,202.14,173.364,293.474,118.707,220.601,126.7518,422.506,0,295.4,37.5,Aug-07
86,Mar-08,84.658,278.793,435.565,172.447,144.291,257.021,104.763,200.597,127.7298,425.766,0,314.7,31,Sep-07
87,Apr-08,70.277,190.016,280.48,121.001,128.722,244.136,76.722,169.749,116.2053,387.351,0,275.4,28.1,Oct-07
88,May-08,52.196,141.916,188.27,87.968,105.972,205.71,66.224,162.322,124.7817,415.939,0,252.3,25.1,Nov-07
89,Jun-08,49.649,154.103,157.457,75.854,104.119,187.414,86.382,195.603,133.5039,445.013,0,241.9,30.4,Dec-07
90,Jul-08,59.196,161.009,158.895,81.075,116.574,211.361,88.544,195.119,144.2829,480.943,0,274.2,30.2,Jan-08
91,Aug-08,48.727,142.334,148.593,81.94,119.814,238.552,84.958,194.337,140.7855,469.285,0,275.8,34.6,Feb-08
92,Sep-08,47.521,137.911,135.795,70.274,108.401,230.196,71.609,173.796,105.2712,350.904,0,266.1,26.5,Mar-08
93,Oct-08,56.608,160.852,190.328,90.29,118.429,235.187,74.829,178.884,113.7051,379.017,0,279.1,28.5,Apr-08
94,Nov-08,69.614,213.629,291.742,128.2,123.476,231.27,91.651,200.848,107.6787,358.929,0,281,25.8,May-08
95,Dec-08,84.941,284.738,464.803,192.422,169.918,295.371,108.078,216.259,120.9096,403.032,0,312.5,27.9,Jun-08
96,Jan-09,102.306,354.185,558.001,223.697,174.76,289.413,129.444,268.53,128.9223,429.741,0,305,27.6,Jul-08
97,Feb-09,91.613,301.773,444.416,179.954,151.731,274.525,116.086,228.928,110.055,366.85,0,279.4,25.3,Aug-08
98,Mar-09,82.471,276.343,368.518,153.303,140.373,255.912,101.865,221.96,116.8155,389.385,0,282.2,24.2,Sep-08
99,Apr-09,62.066,201.005,260.659,112.689,122.946,210.335,81.889,179.843,104.8851,349.617,0,252,22.7,Oct-08
100,May-09,45.576,146.055,161.283,78.509,112.429,184.083,73.655,176.349,111.4296,371.432,0,210.3,29.2,Nov-08
101,Jun-09,43.595,133.497,139.049,75.039,96.672,171.649,89.379,193.085,130.0182,433.394,0,219.8,27.8,Dec-08
102,Jul-09,51.764,144.342,126.682,74.389,124.714,230.09,84.286,204.638,137.6964,458.988,0,254.7,30.6,Jan-09
103,Aug-09,58.457,162.215,143.148,79.685,119.9,240.311,90.27,218.571,138.7317,462.439,0,283.5,31.6,Feb-09
104,Sep-09,49.206,134.998,144.642,70.215,107.66,245.98,84.839,203.264,114.9078,383.026,0,263,33.1,Mar-09
105,Oct-09,59.286,162.546,212.624,96.683,112.335,230.242,77.458,197.222,107.4471,358.157,0,235.6,29.1,Apr-09
106,Nov-09,65.006,194.033,256.156,115.711,124.727,235.608,85.361,198.336,101.9454,339.818,0,244.2,29.2,May-09
107,Dec-09,91.6,289.802,427.762,183.889,181.964,302.356,123.185,259.734,132.9168,443.056,0,289.4,28.1,Jun-09
108,Jan-10,104.581,341.073,514.698,221.15,175.341,288.107,155.639,305.782,153.6423,512.141,0,312.5,23.4,Jul-09
109,Feb-10,89.195,305.875,442.693,186.088,152.749,257.296,138.45,275.725,137.8122,459.374,0,268.8,22.4,Aug-09
110,Mar-10,71.626,244.882,341.172,148.696,142.855,255.363,116.643,222.676,128.1123,427.041,0,270.2,20.7,Sep-09
111,Apr-10,54.994,174.739,222.726,94.414,119.875,231.478,81.948,174.279,115.1829,383.943,0,249,21.6,Oct-09
112,May-10,55.776,153.747,180.803,84.687,97.103,186.49,88.012,203.362,124.1496,413.832,0,254.3,29.1,Nov-09
113,Jun-10,56.801,155.644,160.123,80.92,98.286,162.411,101.404,231.793,135.744,452.48,0,244.3,33.8,Dec-09
114,Jul-10,66.701,183.029,176.952,90.15,115.681,198.916,111.301,249.883,142.3692,474.564,0,286.9,32.5,Jan-10
115,Aug-10,65.456,171.853,178.606,95.261,112.679,221.315,117.348,243.275,153.5094,511.698,0,282.4,33.3,Feb-10
116,Sep-10,57.801,154.688,148.73,75.652,99.733,217.808,92.817,213.376,127.0095,423.365,0,252.5,23.2,Mar-10
117,Oct-10,59.16,168.334,194.745,87.129,103.532,240.155,87.014,198.874,109.6233,365.411,0,261,24.7,Apr-10
118,Nov-10,76.34,235.144,298.987,129.944,133.161,252.47,101.502,213.162,109.5693,365.231,0,244.2,30.1,May-10
119,Dec-10,99.751,353.731,498.036,195.204,154.103,278.733,162.038,332.48,132.6063,442.021,0,323.4,38.4,Jun-10
120,Jan-11,113.4,377.264,554.929,223.591,168.629,271.78,169.623,319.481,148.3752,494.584,0,373,36.2,Jul-10
121,Feb-11,99.789,318.824,451.565,178.481,150.627,252.365,131.622,245.468,135.6915,452.305,0,321.1,36.4,Aug-10
122,Mar-11,89.633,296.513,409.686,157.429,120.192,219.733,111.341,241.684,121.857,406.19,0,322.6,40.9,Sep-10
123,Apr-11,73.001,207.653,270.796,105.139,106.365,189.465,89.04,215.553,121.8,406,0,288.2,42.9,Oct-10
124,May-11,59.983,161.222,204.072,84.955,89.951,171.309,99.874,217.207,125.844,419.48,0,277.3,43.7,Nov-10
125,Jun-11,53.419,156.602,157.991,82.675,88.031,162.131,108.464,232.545,138.1986,460.662,0,278.8,46.4,Dec-10
126,Jul-11,66.014,185.75,190.629,98.522,104.789,186.352,118.484,255.615,156.2229,520.743,0,316.2,46.9,Jan-11
127,Aug-11,65.534,169.725,171.572,90.274,108.731,208.47,122.469,253.248,160.9938,536.646,0,291.6,42,Feb-11
128,Sep-11,60.551,151.182,160.053,76.583,90.936,211.84,99.419,224.145,127.2828,424.276,0,270.5,39.3,Mar-11
129,Oct-11,67.224,184.215,223.091,91.757,97.054,202.072,103.858,224.056,115.2948,384.316,0,294.1,42.7,Apr-11
130,Nov-11,77.353,220.546,308.704,128.367,126.594,249.229,119.692,232.372,118.398,394.66,0,274.9,38.9,May-11
131,Dec-11,89.444,290.356,422.31,169.631,169.559,314.608,142.371,273.553,142.8078,476.026,0,317.5,42.5,Jun-11
132,Jan-12,102.191,343.91,500.056,184.501,166.384,299.034,153.906,313.041,146.8023,489.341,2.8,309.6,40.4,Jul-11
133,Feb-12,94.572,310.411,445.003,162.026,155.743,271.898,142.718,284.262,134.7624,449.208,7.9,293.6,41.7,Aug-11
134,Mar-12,75.486,240.727,302.639,113.947,127.489,261.846,121.718,259.756,133.11,443.7,0,291.9,45.6,Sep-11
135,Apr-12,59.672,213.177,272.037,97.196,100.838,214.476,121.588,249.227,136.3836,454.612,1.6,281,45.5,Oct-11
136,May-12,56,181.808,212.469,90.385,98.059,195.875,129.896,266.563,141.3519,471.173,4.7,290.3,52.2,Nov-11
137,Jun-12,58.116,174.782,204.424,90.844,103.283,191.796,127.789,259.315,147.3372,491.124,0,302,58.5,Dec-11
138,Jul-12,68.653,204.07,226.745,110.773,112.493,206.865,137.618,296.261,158.0082,526.694,2.1,321.6,56.5,Jan-12
139,Aug-12,71.352,191.69,187.207,90.35,120.922,242.753,126.415,278.114,156.8973,522.991,2.1,321,59.7,Feb-12
140,Sep-12,62.403,170.274,183.918,79.011,100.915,233.332,107.681,254.517,134.142,447.14,0,306.2,57.6,Mar-12
141,Oct-12,64.392,183.133,254.554,102.853,108.698,241.896,106.071,247.76,124.869,416.23,2,304.8,60.5,Apr-12
142,Nov-12,77.881,260.59,350.484,131.185,116.037,247.788,124.362,271.374,121.8516,406.172,1.8,273.1,49.4,May-12
143,Dec-12,88.365,296.379,408.141,176.045,152.64,286.136,140.686,299.931,138.2841,460.947,2.5,286.5,52.3,Jun-12
144,Jan-13,100.74,353.773,515.912,204.597,189.534,320.763,158.223,314.548,149.6427,498.809,2.9,342.1,55.6,Jul-12
145,Feb-13,90.824,339.107,475.93,175.628,149.488,268.53,143.382,310.423,124.2258,414.086,0,294.5,48.8,Aug-12
146,Mar-13,84.998,319.561,460.126,175.953,130.188,246.636,145.437,309.966,131.7477,439.159,2.8,316.2,56.1,Sep-12
147,Apr-13,68.379,220.32,297.563,125.332,111.421,201.96,101.029,244.214,123.4479,411.493,0,287,54.8,Oct-12
148,May-13,58.618,176.544,203.854,93.435,89.968,194.79,97.966,236.107,125.9211,419.737,0,306.8,60.3,Nov-12
149,Jun-13,51.945,166.546,170.273,80.414,103.643,196.579,106.961,242.88,134.0364,446.788,0,310.1,57.9,Dec-12
150,Jul-13,65.431,201.486,190.355,87.295,120.425,228.657,110.832,260.194,141.7086,472.362,0,311.5,62.1,Jan-13
151,Aug-13,59.369,175.177,182.831,84.313,117.104,240.578,114.295,265.695,149.6949,498.983,0,313.9,62,Feb-13
152,Sep-13,54.511,157.718,170.866,82.37,104.375,231.159,96.571,246.078,133.1784,443.928,0,314.6,52.7,Mar-13
153,Oct-13,57.552,173.39,241.037,101.231,106.765,237.445,105.441,250.359,121.7799,405.933,0,297.8,52.7,Apr-13
154,Nov-13,75.185,265.152,387.498,148.149,130.811,265.287,126.113,278.663,131.3874,437.958,0,296.4,51,May-13
155,Dec-13,91.954,343.026,521.854,218.793,193.628,343.243,149.647,301.926,159.4626,531.542,0,365.1,44.3,Jun-13
156,Jan-14,102.856,407.489,654.454,237.828,169.717,299.894,198.595,372.473,164.3712,547.904,0,407,52.8,Jul-13
157,Feb-14,91.829,373.555,554.557,207.043,143.955,269.628,145.077,281.655,145.1997,483.999,2.6,347.7,51.3,Aug-13
158,Mar-14,89.526,358.425,479.652,173.307,123.26,232.054,139.548,303.513,138.4581,461.527,0,337.4,58,Sep-13
159,Apr-14,77.119,222.032,282.801,119.118,101.288,205.873,99.709,244.685,129.5865,431.955,2.7,290.8,56.7,Oct-13
160,May-14,56.805,190.86,214.046,93.737,99.288,195.796,109.349,246.673,128.4765,428.255,1.7,299.3,62.2,Nov-13
161,Jun-14,53.082,182.688,179.041,78.277,100.837,187.084,108.112,248.862,131.2275,437.425,0,281.1,65.3,Dec-13
162,Jul-14,62.633,197.075,175.041,81.267,117.292,227.24,108.077,265.03,140.1207,467.069,2.6,284.5,69.4,Jan-14
163,Aug-14,57.373,186.071,185.716,83.233,111.283,236.736,116.74,275.103,149.4933,498.311,2.6,298.5,65.6,Feb-14
164,Sep-14,51.344,182.644,190.848,77.263,107.66,238.258,108.555,248.811,128.7084,429.028,2.7,284.1,64.8,Mar-14
165,Oct-14,56.655,197.615,252.125,104.117,109.856,239.986,113.265,244.571,123.2775,410.925,2.7,308.7,60.3,Apr-14
166,Nov-14,71.72,278.994,411.385,165.463,146.526,244.257,143.174,283.442,125.8611,419.537,0,327.5,58.5,May-14
167,Dec-14,86.791,343.001,465.489,189.14,160.537,283.407,154.466,311.757,142.956,476.52,0,350,63.6,Jun-14
168,Jan-15,114.546,416.106,589.101,207.648,168.294,279.024,188.822,373.498,168.0774,560.258,0,383.6,68.6,Jul-14
169,Feb-15,108.655,411.128,601.438,208.305,131.818,211.145,193.612,361.196,149.3394,497.798,2.8,350.7,64.6,Aug-14
170,Mar-15,99.5,372.639,458.85,158.346,119.143,217.319,150.088,314.157,149.4597,498.199,0.6,352.1,74.3,Sep-14
171,Apr-15,68.858,231.114,284.364,108.228,109.514,209.567,110.874,268.65,130.1466,433.822,0,293.5,77.2,Oct-14
172,May-15,58.045,185.548,210.084,83.695,100.083,200.282,121.816,277.134,132.2463,440.821,2.5,291,86.8,Nov-14
173,Jun-15,55.057,176.591,190.615,82.385,116.769,215.124,130.419,293.38,138.7275,462.425,2.7,287.3,90.7,Dec-14
174,Jul-15,66.007,204.445,201.139,92.983,118.316,233.708,138.829,310.972,154.5696,515.232,2.5,291.3,101,Jan-15
175,Aug-15,68.327,201.696,191.578,89.777,127.501,237.533,131.415,300.704,155.4915,518.305,5.5,279.2,101.1,Feb-15
176,Sep-15,55.921,189.231,188.285,83.448,113.33,231.852,122.277,280.476,137.3991,457.997,2.6,277.9,100.1,Mar-15
177,Oct-15,64.415,206.995,243.703,95.221,113.734,234.139,123.945,277.879,132.7452,442.484,2.5,296,98.3,Apr-15
178,Nov-15,69.91,237.506,325.799,126.501,152.339,261.847,137.167,296.88,136.0365,453.455,0,282,91.5,May-15
179,Dec-15,76.682,266.137,401.759,171.554,190.734,307.479,147.128,309.024,154.8816,516.272,0,290.7,100,Jun-15
180,Jan-16,101.107,385.324,562.651,212.117,190.506,296.441,192.565,386.183,164.604,548.68,3.1,325.2,98.8,Jul-15
181,Feb-16,92.612,336.897,487.716,176.393,151.2,232.277,164.733,342.859,141.0252,470.084,0,299.7,97.2,Aug-15
182,Mar-16,77.547,274.788,387.951,139.298,135.545,213.903,141.95,312.194,143.6493,478.831,3.2,288.3,103.4,Sep-15
183,Apr-16,72.496,237.589,324.417,113.925,120.911,177.581,118.534,287.905,134.4207,448.069,10.1,293.1,104.9,Oct-15
184,May-16,62.713,199.706,243.811,97.427,112.372,176.869,132.716,290.246,140.5734,468.578,5.9,301.5,115.6,Nov-15
185,Jun-16,54.634,199.348,212.273,94.044,118.965,197.741,142.84,306.719,149.2686,497.562,12.1,290.3,115.8,Dec-15
186,Jul-16,64.828,231.486,231.717,97.967,128.426,215.223,151.661,341.357,161.2086,537.362,15,320.7,123.2,Jan-16
187,Aug-16,65.951,237.36,235.899,101.849,125.052,235.622,149.389,340.288,159.249,530.83,20,317.1,132.5,Feb-16
188,Sep-16,53.561,193.293,205.236,84.22,109.495,217.565,139.695,295.303,142.5255,475.085,26.6,295.5,123.7,Mar-16
189,Oct-16,55.357,201.515,240.643,98.253,110.168,213.018,123.49,269.844,130.5885,435.295,19.4,283.2,130,Apr-16
190,Nov-16,70.568,247.519,328.646,127.772,124.614,223.735,128.861,288.365,131.1843,437.281,12,275.5,120.4,May-16
191,Dec-16,97.326,356.249,527.539,205.794,178.028,298.22,172.93,330.604,148.3428,494.476,22.8,331.7,111.8,Jun-16
192,Jan-17,100.63,366.848,520.698,212.265,190.436,320.125,157.862,343.702,147.3432,491.144,42.1,358.1,119.8,Jul-16
193,Feb-17,85.711,308.189,398.621,157.22,134.331,234.964,128.266,301.648,122.6736,408.912,39.5,317.5,113.4,Aug-16
194,Mar-17,98.355,348.497,445.399,162.254,117.305,208.103,159.579,337.688,133.0101,443.367,42.3,356.4,129.9,Sep-16
195,Apr-17,69.398,202.362,262.593,117.027,108.87,175.732,128.686,261.052,127.836,426.12,46.2,305.9,111.2,Oct-16
196,May-17,53.928,181.995,232.576,100.538,103.905,173.818,128.154,292.44,132.4908,441.636,48.2,314.2,124.1,Nov-16
197,Jun-17,51.515,186.262,202.61,95.295,110.02,172.877,129.137,296.17,145.8846,486.282,53.7,307.8,134.1,Dec-16
198,Jul-17,58.504,206.653,222.435,103.555,126.53,208.326,150.994,325.742,163.983,546.61,46.9,322.8,135.4,Jan-17
199,Aug-17,58.665,194.44,213.564,95.319,121.061,230.28,144.026,328.781,155.0493,516.831,38.1,319.1,135.5,Feb-17
200,Sep-17,52.32,184.844,212.44,90.886,107.608,209.644,130.102,299.994,134.6145,448.715,36.5,304.3,124.6,Mar-17
201,Oct-17,55.933,199.251,261.12,105.981,119.754,224.248,126.447,295.04,134.9235,449.745,50.4,322.2,131.4,Apr-17
202,Nov-17,78.319,263.177,394.854,157.216,127.665,231.158,146.949,319.26,130.4583,434.861,88.2,315.2,133.8,May-17
203,Dec-17,108.03,382.337,569.803,211.559,180.567,292.239,188.16,386.368,160.308,534.36,75.9,350.1,136.6,Jun-17
204,Jan-18,114.468,419.516,623.362,238.467,174.718,262.432,230.768,426.618,183.7068,612.356,78.3,409,136.6,Jul-17
205,Feb-18,94.984,320.764,495.417,206.556,159.286,241.168,153.202,325.158,152.0508,506.836,71.1,335.4,125.6,Aug-17
206,Mar-18,96.335,358.209,494.362,180.622,147.179,251.214,165.658,372.01,151.9326,506.442,76,388.6,132.3,Sep-17
207,Apr-18,71.589,274.259,397.936,157.509,121.542,189.311,156.125,299.099,143.5275,478.425,63.8,357.9,130.6,Oct-17
208,May-18,45.28,177.414,252.615,112.745,110.172,166.842,148.559,300.988,162.0447,540.149,89.4,339.9,137.6,Nov-17
209,Jun-18,49.913,182.627,228.772,101.735,116.786,174.441,146.249,325.531,162.0657,540.219,76.4,341.1,137.5,Dec-17
210,Jul-18,63.765,220.223,245.752,109.452,141.484,232.472,161.525,358.645,181.3899,604.633,76.4,364.9,150.9,Jan-18
211,Aug-18,68.476,224.85,247.77,103.407,137.286,226.814,159.682,356.23,172.4205,574.735,84.6,354.2,154.2,Feb-18
212,Sep-18,55.635,199.108,231.521,97.117,129.024,209.081,155.037,349.815,156.7707,522.569,52.5,326,150,Mar-18
213,Oct-18,66.23,229.504,311.721,127.286,136.231,217.544,146.404,336.407,148.7982,495.994,87.8,322.1,152,Apr-18
214,Nov-18,86.096,311.268,470.781,184.54,163.53,235.502,169.471,356.101,152.2518,507.506,86.1,319.4,140.4,May-18
215,Dec-18,98.354,360.772,517.205,201.948,199.406,282.898,171.374,374.593,164.4828,548.276,99.4,364.7,140.9,Jun-18
216,Jan-19,117.662,435.259,640.628,238.508,209.269,290.015,198.446,422.142,181.5621,605.207,131.6,420.6,150.5,Jul-18
217,Feb-19,99.051,373.402,547.799,226.681,193.549,284.136,160.861,367.876,157.7802,525.934,78.8,350.8,135.5,Aug-18
218,Mar-19,94.47,354.212,521.777,195.557,176.636,245.254,177.943,369.584,162.5376,541.792,106.3,392.5,149.5,Sep-18
219,Apr-19,65.565,218.07,349.505,129.869,130.043,182.337,130.97,305.556,144.1755,480.585,109.4,327.6,139.8,Oct-18
220,May-19,51.294,189.62,276.117,116.838,123.558,167.813,146.317,324.092,154.7559,515.853,110.9,336.3,153.5,Nov-18
221,Jun-19,46.788,188.437,236.625,104.795,124.455,167.778,144.955,340.589,164.2695,547.565,140.6,326,156.4,Dec-18
222,Jul-19,66.614,236.774,265.586,110.648,140.675,208.284,165.299,376.115,177.456,591.52,113.6,367.9,167.9,Jan-19
223,Aug-19,59.284,228.418,261.39,112.564,145.416,225.359,166.049,373.013,187.4475,624.825,126.8,357.6,168.1,Feb-19
224,Sep-19,47.829,197.557,236.694,101.379,127.174,213.719,159.084,345.78,165.5415,551.805,123.7,345.1,162.7,Mar-19
225,Oct-19,56.572,212.207,314.376,128.733,144.806,232.301,145.51,330.611,151.9533,506.511,119.6,339.6,171.5,Apr-19
226,Nov-19,85.898,313.988,477.452,181.846,172.725,258.403,170.09,351.882,156.048,520.16,214.9,359.1,158.6,May-19
227,Dec-19,108.873,392.122,534.581,210.071,213.243,290.97,176.809,393.582,173.8653,579.551,196.2,390.2,151.3,Jun-19
228,Jan-20,107.767,406.457,587.39,238.785,209.018,290.259,190.884,422.224,178.5609,595.203,220.7,381.6,160.9,Jul-19
229,Feb-20,99.094,358.613,560.521,211.147,193.11,240.542,185.378,397.063,168.0615,560.205,266.2,358,151.1,Aug-19
230,Mar-20,78.021,303.671,457.253,167.19,160.279,257.599,150.747,364.587,159.9015,533.005,198.1,326.6,166.6,Sep-19
231,Apr-20,70.074,242.612,351.352,126.155,136.38,190.797,128.477,315.301,141.5676,471.892,215.5,290.8,138.5,Oct-19
232,May-20,48.358,196.634,278.315,99.714,119.807,153.359,139.261,322.487,150.6078,502.026,184.8,283.9,145.2,Nov-19
233,Jun-20,53.468,211.412,244.837,97.471,124.494,159.911,149.19,343.187,159.7842,532.614,140.6,278.4,162.9,Dec-19
234,Jul-20,69.569,263.25,276.299,111.654,145.176,192.943,171.766,384.709,185.5986,618.662,121.2,310.6,181.2,Jan-20
235,Aug-20,60.009,241.784,257.253,103.178,150.256,222.806,159.306,376.061,180.4896,601.632,83.7,312.1,185.9,Feb-20
236,Sep-20,51.242,207.986,238.701,95.496,137.797,214.189,137.623,330.714,156.8838,522.946,122.4,257.7,182.1,Mar-20
237,Oct-20,58.137,215.532,318.646,131.584,146.632,224.902,139.067,331.153,157.9959,526.653,173.4,290.6,185.8,Apr-20
238,Nov-20,70.187,261.315,369.387,152.043,157.267,240.975,142.718,325.594,148.0719,493.573,210.5,299.6,166.1,May-20
239,Dec-20,101.73,389.897,540.992,206.912,209.886,286.2,192.286,409.365,174.96,583.2,323.9,365.7,164.6,Jun-20
240,Jan-21,113.925,429.344,584.407,222.609,208.391,267.354,211.427,422.898,177.4716,591.572,230.1,402.2,173.4,Jul-20
241,Feb-21,106.941,405.154,588.469,229.369,179.203,235.067,192.214,366.507,162.9447,543.149,299,386.7,137.4,Aug-20
242,Mar-21,87.963,325.974,423.305,161.069,166.35,249.637,147.339,343.596,143.6199,478.733,264.9,348,183.1,Sep-20
243,Apr-21,62.367,238.132,323.828,130.608,139.291,202.129,137.084,320.087,144.3426,481.142,244.8,306.2,182.9,Oct-20
244,May-21,50.998,215.813,269.284,103.009,128.882,177.535,138.131,318.667,143.7837,479.279,275.1,296.8,192.6,Nov-20
245,Jun-21,60.17,226.381,247.035,109.381,133.958,194.546,152.582,338.335,163.6746,545.582,291.2,299,198.2,Dec-20
246,Jul-21,60.95,237.525,253.629,109.901,148.481,228.694,159.056,375.631,178.9776,596.592,240.1,322.8,197.6,Jan-21
247,Aug-21,65.621,243.59,268.708,109.319,139.406,223.699,160.624,385.859,177.2979,590.993,266.7,314.7,193.7,Feb-21
248,Sep-21,54.811,205.509,226.815,94.53,125.004,210.919,138.835,336.201,153.8391,512.797,250.3,310,178.8,Mar-21
249,Oct-21,61.017,217.408,286.716,115.028,120.642,222.359,136.951,341.654,153.6954,512.318,284.5,320.8,184.5,Apr-21
250,Nov-21,79.421,306.195,437.812,163.693,145.885,235.962,163.204,383.364,152.6538,508.846,268.1,332.4,165.5,May-21
251,Dec-21,95.345,370.371,490.282,197.011,184.992,304.149,167.061,392.167,158.1531,527.177,313.2,343.5,167,Jun-21
252,Jan-22,120.115,443.697,679.278,253.626,202.158,282.375,229.427,458.386,184.128,613.76,415.9,415.4,175.5,Jul-21
253,Feb-22,104.06,388.521,562.162,216.885,179.861,241.396,173.985,369.204,165.8433,552.811,303.5,367.5,155,Aug-21
254,Mar-22,93.125,351.441,472.422,178.432,161.187,220.6,162.99,351.748,156.435,521.45,361.6,376.2,169.9,Sep-21
255,Apr-22,66.613,266.908,368.921,143.604,133.977,204.613,145.723,298.393,144.9618,483.206,317,363.1,176.5,Oct-21
256,May-22,59.079,228.909,275.44,115.201,120.002,175.726,147.55,333.804,161.6808,538.936,315.5,342.8,186,Nov-21
257,Jun-22,54.389,220.184,267.53,106.027,116.359,168.434,177.115,385.45,173.3058,577.686,306.9,338.1,183,Dec-21
258,Jul-22,68.712,266.304,283.673,119.863,138.572,198.139,184.071,418.829,194.9955,649.985,286.4,373.8,189.7,Jan-22
259,Aug-22,70.301,258.111,274.913,117.99,140.335,223.279,172.178,419.197,188.6814,628.938,277.4,344.7,182.6,Feb-22
260,Sep-22,55.912,214.249,258.076,104.101,130.775,219.245,147.655,358.098,167.3697,557.899,247.2,346.3,169.2,Mar-22
261,Oct-22,55.974,239.752,322.007,122.663,143.344,220.88,140.563,344.705,155.1528,517.176,299.7,352.9,171.8,Apr-22
262,Nov-22,75.049,292.319,435.618,164.961,185.219,270.759,164.806,360.108,165.4446,551.482,296.1,357.3,161,May-22
263,Dec-22,98.269,414.805,592.786,226.817,218.453,307.015,201.045,423.977,179.3334,597.778,364.5,414.2,158.6,Jun-22
264,Jan-23,102.269,394.554,583.866,234.979,227.379,298.733,188.86,409.584,175.8228,586.076,327.9,383.4,166,Jul-22
265,Feb-23,94.606,358.853,519.209,196.935,192.764,266.574,165.79,356.7,164.2404,547.468,339.5,340,152.8,Aug-22
266,Mar-23,91.884,361.874,522.079,201.203,197.111,273.464,170.057,371.247,165.5847,551.949,333,354.3,177.7,Sep-22
267,Apr-23,64.349,252.494,367.349,146.878,155.047,212.159,141.612,323.941,153.3738,511.246,338,315.2,169.2,Oct-22
268,May-23,53.275,220.787,310.65,120.545,126.422,163.879,151.267,342.817,172.4985,574.995,358.3,304.8,193.6,Nov-22
269,Jun-23,56.7,231.267,291.621,121.3,119.325,168.526,159.588,362.651,181.9458,606.486,291.3,323.3,204.1,Dec-22
270,Jul-23,63.789,279.15,323.728,131.049,150.457,224.297,173.039,409.766,194.364,647.88,313.5,353,208.6,Jan-23
271,Aug-23,55.778,252.702,309.072,131.203,150.436,227.279,175.559,421.843,205.2639,684.213,331,342.3,213.1,Feb-23
272,Sep-23,54.762,229.892,283.352,111.471,133.259,200.124,151.24,363.381,180.1575,600.525,310.7,318.9,202.4,Mar-23
273,Oct-23,58.517,237.022,339.143,135.141,150.922,234.018,146.904,339.108,163.1877,543.959,324.2,316.5,200.5,Apr-23
274,Nov-23,86.18,331.656,459.128,168.532,175.47,244.589,163.908,366.264,167.8164,559.388,379.1,336.9,179,May-23
275,Dec-23,93.642,374.931,518.276,201.477,209.496,280.253,188.975,403,183.5589,611.863,403.1,359.9,174.6,Jun-23
276,Jan-24,114.503,449.854,503.372,259.015,238.359,52.386,238.754,328.027,208.9566,696.522,422.7,383.4,185.6,Jul-23
277,Feb-24,93.94,378.075,514.457,182.318,188.842,253.302,132.365,384.949,158.5707,528.569,361.4,340,169.9,Aug-23
278,Mar-24,87.823,332.547,467.632,168.811,173.291,228.523,156.843,352.958,167.5236,558.412,316.8,354.3,182.4,Sep-23
279,Apr-24,65.782,259.139,354.206,95.771,140.351,191.356,154.534,268.358,160.6641,535.547,352.4,315.2,190.9,Oct-23
280,May-24,35.098,218.436,149.664,117.912,133.921,160.664,161.102,348.24,179.7303,599.101,281.3,304.8,212.1,Nov-23
281,Jun-24,58.651,240.951,287.78,113.692,142.474,167.439,165.358,373.49,187.8444,626.148,291.4,323.3,203.7,Dec-23
282,Jul-24,69.125,275.945,320.184,103.464,167.774,219.425,189.15,423.717,201.4635,671.545,343.9,353,217.9,Jan-24
283,Aug-24,64.47,248.468,319.194,130.903,160.898,209.182,160.625,185.495,213.2325,710.775,315.9,342.3,220.7,Feb-24
284,Sep-24,49.965,214.872,290.007,109.567,140.525,200.927,167.992,376.589,181.7688,605.896,350.4,318.9,205.5,Mar-24
285,Oct-24,61.369,184.688,309.885,116,145.373,217.965,149.573,355.72,175.7508,585.836,363.7,316.5,201.3,Apr-24
286,Nov-24,80.32,290.806,412.531,160.407,168.778,235.062,166.777,356.253,167.4717,558.239,322.2,336.9,177.9,May-24
287,Dec-24,94.517,420.244,587.836,215.665,210.771,235.17,203.472,423.866,186.4974,621.658,394.7,359.9,174.7,Jun-24
288,Jan-25,46.541,390.07,718.236,260.143,212.849,284.436,261.705,498.172,218.2554,727.518,445.4,383.4,193.8,Jul-24
289,Feb-25,99.931,335.383,597.06,224.333,165.09,229.306,199.228,391.098,181.2153,604.051,386.2,340,173.4,Aug-24
290,Mar-25,84.168,265.273,462.461,133.735,120.217,213.014,175.95,356.235,159.5046,531.682,456,354.3,186.3,Sep-24
291,Apr-25,69.207,268.763,352.609,132.032,117.037,174.651,111.844,251.715,156.5412,521.804,456.5,315.2,200.3,Oct-24
292,May-25,54.516,189.787,293.809,115.376,110.858,159.182,113.439,334.414,175.9461,586.487,420.9,304.8,225.3,Nov-24
293,Jun-25,59.567,82.576,290.823,115.708,115.645,168.572,122.868,355.066,178.806,596.02,401.8,323.3,218.6,Dec-24
294,Jul-25,70.784,234.835,336.22,132.273,120.71,186.723,134.82,405.975,196.8243,656.081,430.1,353,213.4,Jan-25
295,Aug-25,58.778,201.981,310.885,125.186,126.988,208.183,92.332,380.581,201.9498,673.166,449.4,342.3,229.1,Feb-25
296,Sep-25,51.038,212.177,266.4,96.929,112.262,176.35,110.078,286.4,142.6938,475.646,409.5,318.9,206.1,Mar-25
297,Oct-25,52.231,194.237,329.944,75.34,54.691,21.946,152.002,243.888,150.159,500.53,410.5,316.5,201.9,Apr-25
298,Nov-25,52.231,194.237,329.944,75.34,54.691,21.946,152.002,243.888,150.159,500.53,411.5,336.9,177.9,May-25
299,Dec-25,52.231,194.237,329.944,75.34,54.691,21.946,152.002,243.888,150.159,500.53,412.5,359.9,174.7,Jun-25
300,Jan-26,93.94767304,452.6205996,699.3070052,274.8057578,225.1425475,268.5834063,237.2091656,464.2835823,198.1320045,660.4400152,413.5,388.4,193.8,Jul-25
301,Feb-26,88.74990601,414.0942795,626.4958834,242.095594,195.3305693,244.3300585,202.3277086,409.837081,175.7194434,585.731478,414.5,350,173.4,Aug-25
302,Mar-26,81.89369739,376.8305598,539.3972379,202.0051013,171.3631474,231.6856354,184.2250713,387.0855939,173.5357151,578.4523837,415.5,369.3,186.3,Sep-25
303,Apr-26,64.26812462,274.2456205,377.3634661,146.1713145,144.0042142,196.0138919,148.6375531,321.8411353,163.4459254,544.8197513,425.5,335.2,200.3,Oct-25
304,May-26,50.81926494,217.2844601,274.4553155,116.2572827,128.777367,176.0656124,147.1264314,329.483657,171.3916754,571.3055846,435.5,329.8,225.3,Nov-25
305,Jun-26,50.11751238,207.0129521,245.720251,108.207131,130.1424064,175.815927,156.5963767,348.6433151,181.9017681,606.339227,445.5,353.3,218.6,Dec-25
306,Jul-26,58.34773145,243.0542471,263.1599949,118.6009073,149.4123042,208.4251191,169.7913951,385.8887664,199.2941266,664.3137553,455.5,388,213.4,Jan-26
307,Aug-26,57.12227979,236.0559033,259.4581277,117.7733509,148.1031551,219.0273253,169.7408189,380.5807862,202.836164,676.1205466,465.5,382.3,229.1,Feb-26
308,Sep-26,50.06557786,209.0564194,237.5695743,103.2560462,133.0569094,208.0452897,147.9010576,342.4752867,171.2175214,570.7250715,475.5,363.9,206.1,Mar-26
309,Oct-26,54.86126638,225.1046732,314.131922,124.9549912,138.5591787,205.5534578,147.4736783,336.9752136,163.2033906,544.011302,485.5,366.5,201.9,Apr-26
310,Nov-26,67.02348674,295.2381057,438.0469219,171.1032734,162.7374274,219.6399227,165.9925023,357.6037406,160.6616459,535.5388196,495.5,391.9,177.9,May-26
311,Dec-26,83.18347941,392.3021797,594.1943001,232.0692495,209.6707734,262.8143539,204.978241,423.3018419,183.0006195,610.0020651,505.5,419.9,174.7,Jun-26
312,Jan-27,84.95667884,435.5781801,703.9457862,274.5811172,215.9103427,255.5443801,234.6342727,441.3694082,193.6913729,645.6379096,515.5,448.4,193.8,Jul-26
313,Feb-27,80.25634929,398.5024827,630.6516793,241.8976923,187.3208357,232.4684693,200.131452,389.6100504,171.781133,572.6037768,525.5,410,173.4,Aug-26
314,Mar-27,74.05629457,362.6418453,542.9752739,201.8399717,164.3362229,220.4379001,182.2253179,367.9814363,169.6463475,565.4878252,535.5,429.3,186.3,Sep-26
315,Apr-27,58.11752699,263.9195131,379.8666677,146.0518264,138.0991713,186.4979269,147.0241003,305.9570418,159.7826951,532.6089838,545.5,390.2,200.3,Oct-26
316,May-27,45.95575208,209.1030983,276.2758866,116.1622479,123.4967168,167.5180846,145.5293818,313.2223758,167.5503611,558.5012036,555.5,379.8,225.3,Nov-26
317,Jun-27,45.32115875,199.218341,247.350211,108.1186768,124.8057813,167.2805207,154.8965313,331.4364314,177.8248964,592.7496548,565.5,398.3,218.6,Dec-26
318,Jul-27,52.76372816,233.9025813,264.9056396,118.5039567,143.285497,198.3066214,167.9483184,366.8436769,194.8274489,649.4248295,575.5,428,213.4,Jan-27
319,Aug-27,51.65555486,227.1677446,261.1792164,117.6770768,142.0300308,208.394118,167.8982912,361.7976659,198.2901004,660.9670013,585.5,417.3,229.1,Feb-27
320,Sep-27,45.27419447,201.1848661,239.1454676,103.1716393,127.6007721,197.9452317,146.2955995,325.5728188,167.3801104,557.9337012,595.5,393.9,206.1,Mar-27
321,Oct-27,49.61092529,216.6288586,316.2156838,124.8528465,132.8774151,195.5743718,145.8728594,320.3441953,159.5455962,531.8186538,605.5,391.5,201.9,Apr-27
322,Nov-27,60.60919503,284.1215731,440.952661,170.9634046,156.0642095,208.9769754,164.1906625,339.9546255,157.0608183,523.5360609,615.5,411.9,177.9,May-27
323,Dec-27,75.22264167,377.5309158,598.1358268,231.8795439,201.0730048,250.0554002,202.753213,402.4102737,178.8991199,596.3303995,625.5,434.9,174.7,Jun-27
324,Jan-28,79.85082705,414.3070943,696.9229878,269.2178208,204.6665869,254.2199435,227.912207,417.4207341,186.686706,622.2890201,635.5,458.4,193.8,Jul-27
325,Feb-28,75.43298483,379.0419567,624.3600874,237.1727898,177.5659082,231.2636307,194.3978618,368.4698355,165.5688295,551.8960983,645.5,415,173.4,Aug-27
326,Mar-28,69.60555014,344.9325426,537.5583711,197.8975026,155.7782431,219.2954136,177.0047227,348.0147886,163.5112465,545.0374884,655.5,429.3,186.3,Sep-27
327,Apr-28,54.62469413,251.0312307,376.0769909,143.1990474,130.9075132,185.5313447,142.8119891,289.3558335,154.0043038,513.3476795,665.5,390.2,200.3,Oct-27
328,May-28,43.19383551,198.8917283,273.519666,113.8932916,117.0654967,166.6498711,141.3600929,296.226951,161.4910594,538.3035314,675.5,379.8,225.3,Nov-27
329,Jun-28,42.5973809,189.4896846,244.8825626,106.0068327,118.3063904,166.4135385,150.4588819,313.4527131,171.3940258,571.3134195,685.5,398.3,218.6,Dec-27
330,Jul-28,49.5926558,222.48015,262.2628524,116.1892606,135.8237556,197.2788369,163.1367467,346.9387639,187.7816969,625.9389897,695.5,428,213.4,Jan-28
331,Aug-28,48.55108314,216.0742032,258.5736053,115.3785319,134.6336692,207.3140521,163.0881528,342.1665491,191.1191249,637.0637496,705.5,417.3,229.1,Feb-28
332,Sep-28,42.55323916,191.3601762,236.7596725,101.156424,120.9558291,196.9193203,142.1043591,307.9072598,161.3269657,537.7565522,715.5,393.9,206.1,Mar-28
333,Oct-28,46.62933473,206.0499746,313.0610104,122.4141397,125.9576854,194.5607481,141.6937301,302.9623411,153.7757793,512.585931,725.5,391.5,201.9,Apr-28
334,Nov-28,56.96661423,270.2467405,436.5535699,167.6240365,147.9370034,207.8938886,159.4867443,321.5087106,151.3808611,504.6028703,735.5,411.9,177.9,May-28
335,Dec-28,70.7018004,359.0945183,592.1686238,227.3503223,190.6019188,248.759412,196.9445117,380.5755196,172.429401,574.76467,745.5,434.9,174.7,Jun-28
336,Jan-29,74.25199646,394.006941,695.8315099,264.3038058,195.8413432,250.2158331,215.6871621,389.0030202,178.2600392,594.2001306,755.5,458.4,193.8,Jul-28
337,Feb-29,70.14391622,360.469719,623.3822531,232.8436907,169.9092485,227.6210954,183.970502,343.3846648,158.0953816,526.9846053,765.5,415,173.4,Aug-28
338,Mar-29,64.72507867,328.0315926,536.7164803,194.2852926,149.0610697,215.8413846,167.5103182,324.3221833,156.1306738,520.4355794,775.5,429.3,186.3,Sep-28
339,Apr-29,50.79462224,238.7312423,375.4880023,140.5852447,125.2627681,182.6091192,135.1516579,269.6566892,147.0528557,490.1761855,785.5,390.2,200.3,Oct-28
340,May-29,40.16525113,189.1464629,273.0912964,111.8144049,112.0176208,164.0250397,133.7776404,276.0600257,154.201674,514.0055799,795.5,379.8,225.3,Nov-28
341,Jun-29,39.61061761,180.2050991,244.4990426,104.0718971,113.205007,163.7924295,142.388377,292.1130699,163.6576402,545.5254672,805.5,398.3,218.6,Dec-28
342,Jul-29,46.11541094,211.5791028,261.8521124,114.0684658,129.9670217,194.1715817,154.3862104,323.3194136,179.3056043,597.6853478,815.5,428,213.4,Jan-29
343,Aug-29,45.14686931,205.4870336,258.1686432,113.2725352,128.8282519,204.0487364,154.3402229,318.8720879,182.4923875,608.3079582,825.5,417.3,229.1,Feb-29
344,Sep-29,39.56957091,181.9839406,236.388874,99.31002248,115.7402017,193.8177276,134.4819847,286.9451472,154.0449871,513.4832903,835.5,393.9,206.1,Mar-29
345,Oct-29,43.35986646,195.9539706,312.5707136,120.1797226,120.5263774,191.4963043,134.0933816,282.3368751,146.8346463,489.4488209,845.5,391.5,201.9,Apr-29
346,Nov-29,52.97233597,257.0052335,435.8698666,164.5644061,141.557945,204.6194402,150.9319914,299.6206207,144.5478299,481.8260997,855.5,411.9,177.9,May-29
347,Dec-29,65.74446411,341.499662,591.2412058,223.200512,182.383145,244.8413081,186.3805514,354.6662023,164.6462805,548.8209352,865.5,434.9,174.7,Jun-29
348,Jan-30,65.44880371,383.9782309,666.3903302,260.0075527,195.0506758,247.0946804,197.856598,359.9646063,171.704425,572.3480833,875.5,463.4,193.8,Jul-29
349,Feb-30,61.8277706,351.2946362,597.0064586,229.0588211,169.2232764,224.7817859,168.761911,317.7515836,152.2813342,507.6044472,885.5,425,173.4,Aug-29
350,Mar-30,57.05138139,319.6821616,514.0075829,191.1271891,148.4592676,213.1490133,153.6624682,300.1120839,150.3888796,501.2962654,895.5,444.3,186.3,Sep-29
351,Apr-30,44.77249661,232.6547848,359.6008089,138.3000344,124.7570466,180.3312819,123.9788544,249.5272759,141.6449034,472.1496779,905.5,410.2,200.3,Oct-29
352,May-30,35.403326,184.3320933,261.5365883,109.996864,111.5653737,161.9790173,122.718425,255.4526143,148.5308198,495.1027328,915.5,404.8,225.3,Nov-29
353,Jun-30,34.9144489,175.6183152,234.1540954,102.3802104,112.7479661,161.7493086,130.6173237,270.3073261,157.6390375,525.4634584,925.5,428.3,218.6,Dec-29
354,Jul-30,40.6480448,206.1937523,250.7729432,112.2142851,129.4423077,191.7495161,141.6233125,299.1841692,172.7115389,575.7051297,935.5,463,213.4,Jan-30
355,Aug-30,39.79433185,200.2567453,247.2453244,111.4312924,128.3081354,201.5034648,141.5811268,295.0688288,175.7811263,585.9370875,945.5,457.3,229.1,Feb-30
356,Sep-30,34.87826864,177.3518796,226.3870745,97.69574004,115.2729254,191.400076,123.3645421,265.52518,148.3798952,494.5996506,955.5,438.9,206.1,Mar-30
357,Oct-30,38.21919307,190.9663286,299.3456003,118.2262036,120.039778,189.1076097,123.0080643,261.2609076,141.4347188,471.4490625,965.5,436.5,201.9,Apr-30
358,Nov-30,46.69202424,250.4636457,417.427869,161.889415,140.9864352,202.0670497,138.4546492,277.2544509,139.2320014,464.1066712,975.5,456.9,177.9,May-30
359,Dec-30,57.94991019,332.8074265,566.2253243,219.5723921,181.6468122,241.7871963,170.9727249,328.1909735,158.5913201,528.6377336,975.5,479.9,174.7,Jun-30
360,Jan-31,64.76802347,359.8710003,640.2092227,247.7927155,192.1903201,243.6860531,187.8304661,330.9675724,165.0545652,550.181884,975.5,503.4,193.8,Jul-30
361,Feb-31,61.18465534,329.2393734,573.5513008,218.2979175,166.7416713,221.680961,160.2101155,292.1550297,146.3837021,487.9456736,975.5,460,173.4,Aug-30
362,Mar-31,56.4579488,299.6116187,493.8132806,182.1482672,146.28216,210.2086604,145.8758177,275.936484,144.5645395,481.8817985,975.5,474.3,186.3,Sep-30
363,Apr-31,44.30678557,218.0480647,345.4728316,131.8028677,122.9275245,177.8436439,117.6963833,229.4265473,136.1592046,453.8640154,975.5,435.2,200.3,Oct-30
364,May-31,35.03507046,172.7592074,251.2613529,104.8293457,109.9293032,159.7445455,116.4998246,234.8745686,142.7784397,475.9281322,975.5,424.8,225.3,Nov-30
365,Jun-31,34.55127853,164.5925047,224.9546618,97.57051321,111.0945533,159.5180056,123.9984566,248.5326555,151.5339095,505.1130316,975.5,443.3,218.6,Dec-30
366,Jul-31,40.22523515,193.2483301,240.9205892,106.9425951,127.5440777,189.1043655,134.446731,275.0833178,166.0226751,553.4089169,975.5,473,213.4,Jan-31
367,Aug-31,39.38040228,187.684065,237.5315634,106.1963864,126.4265377,198.7237602,134.406683,271.2994896,168.9733818,563.244606,975.5,462.3,229.1,Feb-31
368,Sep-31,34.51547459,166.217231,217.4927912,93.10611351,113.5824849,188.7597458,117.1132006,244.1357364,142.6333601,475.4445337,975.5,438.9,206.1,Mar-31
369,Oct-31,37.82164766,178.9769268,287.5849264,112.6720809,118.2794332,186.4989037,116.7747868,240.2149734,135.9571602,453.1905338,975.5,436.5,201.9,Apr-31
370,Nov-31,46.2063468,234.7388354,401.0279852,154.284048,138.9189143,199.2795705,131.4386356,254.9201531,133.8397508,446.1325025,975.5,456.9,177.9,May-31
371,Dec-31,57.34713136,311.9128426,543.9794941,209.2571494,178.9830199,238.4517848,162.3088992,301.7534721,152.4493115,508.1643718,975.5,479.9,174.7,Jun-31
372,Jan-32,61.16458323,335.6871172,637.3799971,248.3683572,180.3303088,229.9283404,176.2320545,307.5154583,155.6272316,518.7574388,975.5,503.4,193.8,Jul-31
373,Feb-32,57.78057974,307.1139826,571.0166513,218.8050405,156.452089,209.1655833,150.3172429,271.4531433,138.0227823,460.0759409,975.5,460,173.4,Aug-31
374,Mar-32,53.31684871,279.4772584,491.6310109,182.5714118,137.2551285,198.3409711,136.8680789,256.3838316,136.3075239,454.3584128,975.5,474.3,186.3,Sep-31
375,Apr-32,41.84172881,203.3949003,343.9461111,132.109056,115.3417011,167.8031769,110.4287066,213.1695541,128.382272,427.9409066,975.5,435.2,200.3,Oct-31
376,May-32,33.08585577,161.1495237,250.1509736,105.0728724,103.1455965,150.7258941,109.3060346,218.2315327,134.6234397,448.744799,975.5,424.8,225.3,Nov-31
377,Jun-32,32.62898014,153.5316359,223.9605376,97.7971771,104.2389393,150.5121439,116.3416309,230.9218179,142.878828,476.26276,975.5,443.3,218.6,Dec-31
378,Jul-32,37.98725994,180.2617459,239.8559081,107.191031,119.6733681,178.4281553,126.144731,255.5911201,156.5400465,521.800155,975.5,473,213.4,Jan-32
379,Aug-32,37.18943028,175.071408,236.4818591,106.4430888,118.6247912,187.5044706,126.1071559,252.0754111,159.3222193,531.0740643,975.5,462.3,229.1,Feb-32
380,Sep-32,32.5951682,155.0471782,216.5316427,93.32240625,106.5733413,178.1029917,109.881535,226.8364611,134.4866466,448.2888219,975.5,438.9,206.1,Mar-32
381,Oct-32,35.71739869,166.9494028,286.3140253,112.933827,110.9804422,175.9697893,109.5640181,223.1935205,128.1917676,427.3058919,975.5,436.5,201.9,Apr-32
382,Nov-32,43.63560587,218.9640257,399.2557542,154.6424619,130.3462667,188.0289017,123.3223836,236.8567022,126.1952971,420.6509904,975.5,456.9,177.9,May-32
383,Dec-32,54.15656062,290.9518212,541.575529,209.74327,167.9380274,224.9895817,152.286428,280.3714472,143.7419455,479.1398184,975.5,479.9,174.7,Jun-32
384,Jan-33,58.61752613,323.6143388,608.7717874,237.3328836,162.5286644,219.3841829,167.0034558,288.987564,149.523442,498.4114734,975.5,503.4,193.8,Jul-32
385,Feb-33,55.3744416,296.0688192,545.3870988,209.0831207,141.0076279,199.5735738,142.4457038,255.0980138,132.6094493,442.0314976,975.5,460,173.4,Aug-32
386,Mar-33,51.0965923,269.4260326,469.5646092,174.4594203,123.7057313,189.2453615,129.7008211,240.9366324,130.9614643,436.5382143,975.5,474.3,186.3,Sep-32
387,Apr-33,40.09932713,196.0799292,328.5084091,126.239202,103.9555289,160.1079832,104.6459776,200.3260275,123.3470454,411.1568179,975.5,435.2,200.3,Oct-32
388,May-33,31.7080721,155.3538813,238.9231793,100.4042869,92.9633856,143.8138381,103.5820957,205.0830205,129.3434309,431.1447696,975.5,424.8,225.3,Nov-32
389,Jun-33,31.27022199,148.0099661,213.9082767,93.45186443,93.94879701,143.6098902,110.2492647,217.0087123,137.2750381,457.5834604,975.5,443.3,218.6,Dec-32
390,Jul-33,36.40536867,173.7787443,229.0901982,102.4283317,107.8595873,170.2457166,119.5390139,240.191682,150.4004558,501.3348525,975.5,473,213.4,Jan-33
391,Aug-33,35.64076278,168.7750737,225.8675903,101.713622,106.9145226,178.9058061,119.5034065,236.8877955,153.0735101,510.2450338,975.5,462.3,229.1,Feb-33
392,Sep-33,31.23781807,149.4710029,206.8128208,89.17591607,96.05275419,169.9354645,104.1274593,213.1694994,129.2120029,430.7066763,975.5,438.9,206.1,Mar-33
393,Oct-33,34.23003052,160.9451714,273.4630859,107.9159644,100.0247998,167.9000874,103.8265695,209.746047,123.1640126,410.5467088,975.5,436.5,201.9,Apr-33
394,Nov-33,41.81850234,211.0891206,381.3355302,147.7714062,117.4788907,179.4061876,116.864462,222.5860181,121.2458449,404.1528164,975.5,456.9,177.9,May-33
395,Dec-33,51.90133635,280.4879199,517.2674139,200.4239817,151.3597103,214.6719081,144.3117702,263.4789874,138.1043037,460.3476789,975.5,479.9,174.7,Jun-33
396,Jan-34,55.30752566,310.2767931,562.7430163,214.7705348,153.93597,214.5484496,157.4786305,273.5114446,144.7612665,482.5375549,975.5,503.4,193.8,Jul-33
397,Feb-34,52.24757085,283.8665434,504.1507957,189.2063711,133.5527247,195.1745119,134.321498,241.4367777,128.3859679,427.9532263,975.5,460,173.4,Aug-33
398,Mar-34,48.21128212,258.3218213,434.0611868,157.8742163,117.1655585,185.0739573,122.3035031,228.0337793,126.7904696,422.6348987,975.5,474.3,186.3,Sep-33
399,Apr-34,37.8350079,187.9986278,303.6701385,114.2381136,98.45952547,156.578834,98.67763013,189.5979896,119.4185625,398.0618749,975.5,435.2,200.3,Oct-33
400,May-34,29.91758826,148.9510763,220.8583797,90.85922719,88.04852353,140.6438495,97.6744253,194.1002319,125.223969,417.4132299,975.5,424.8,225.3,Nov-33
401,Jun-34,29.50446256,141.9098357,197.7348349,84.56774551,88.98183743,140.444397,103.961341,205.3872685,132.9029623,443.0098742,975.5,443.3,218.6,Dec-33
402,Jul-34,34.349639,166.6165711,211.7688628,92.69085369,102.157181,166.4931083,112.7212614,227.3287231,145.6103482,485.3678273,975.5,473,213.4,Jan-34
403,Aug-34,33.62820869,161.8191234,208.7899138,92.04408876,101.2620808,174.9623095,112.6876848,224.2017693,148.1982684,493.994228,975.5,462.3,229.1,Feb-34
404,Sep-34,29.47388842,143.3106568,191.175861,80.69829556,90.97456093,166.1896949,98.18868485,201.7536566,125.0967268,416.9890894,975.5,438.9,206.1,Mar-34
405,Oct-34,32.29713733,154.3119252,252.7867503,97.65679768,94.73660933,164.1991823,97.90495591,198.5135399,119.2413592,397.4711972,975.5,436.5,201.9,Apr-34
406,Nov-34,39.45710513,202.3892256,352.5030413,133.7233318,111.2679234,175.4516615,110.1992491,210.6658934,117.3842832,391.280944,975.5,456.9,177.9,May-34
407,Dec-34,48.97058408,268.9278003,478.1572188,181.370424,143.357505,209.9400441,136.0811358,249.368926,133.7058165,445.6860551,975.5,479.9,174.7,Jun-34
408,Jan-35,53.1947594,302.0494182,524.1535286,203.1313393,152.4825372,207.0125084,150.7451715,264.0561149,133.1274767,443.7582558,975.5,503.4,193.8,Jul-34
409,Feb-35,50.25169591,276.3394691,469.5792056,178.9525905,132.2917464,188.3190738,128.5781899,233.0902739,118.0681847,393.5606158,975.5,460,173.4,Aug-34
410,Mar-35,46.36959477,251.472097,404.2959151,149.318439,116.0593046,178.5732977,117.0740595,220.1506191,116.6009092,388.6696975,975.5,474.3,186.3,Sep-34
411,Apr-35,36.38969775,183.0136105,282.8462904,108.0471352,97.52989025,151.0790559,94.4583797,183.0435601,109.821448,366.0714933,975.5,435.2,200.3,Oct-34
412,May-35,28.77472623,145.0014534,205.7132576,85.9352356,87.21718692,135.7037822,93.49806983,187.3901592,115.160301,383.8676699,975.5,424.8,225.3,Nov-34
413,Jun-35,28.37738207,138.1469199,184.1753846,79.98471217,88.14168865,135.5113355,99.51617006,198.2870013,122.2221693,407.407231,975.5,443.3,218.6,Dec-34
414,Jul-35,33.03747113,162.1985256,197.2470444,87.66759961,101.1926333,160.6450947,107.9015345,219.4699368,133.9083217,446.3610723,975.5,473,213.4,Jan-35
415,Aug-35,32.3435997,157.5282882,194.4723736,87.05588522,100.3059844,168.8168181,107.8693936,216.4510822,136.2882628,454.2942093,975.5,462.3,229.1,Feb-35
416,Sep-35,28.34797587,139.5105965,178.0661851,76.32496177,90.11559725,160.3523385,93.99034071,194.7790039,115.0432847,383.4776156,975.5,438.9,206.1,Mar-35
417,Oct-35,31.06337572,150.2201526,235.452175,92.36442105,93.84212514,158.431742,93.71874343,191.6508985,109.6584857,365.5282856,975.5,436.5,201.9,Apr-35
418,Nov-35,37.94983032,197.0226236,328.3305302,126.4763787,110.2173539,169.2889817,105.4873582,203.3831435,107.9506543,359.8355143,975.5,456.9,177.9,May-35
419,Dec-35,47.09989114,261.7968454,445.3681098,171.5413019,142.003952,202.5659717,130.2625892,240.7482066,122.9605019,409.8683396,975.5,479.9,174.7,Jun-35
420,Jan-36,51.17589386,289.6700295,482.8497078,192.6574674,147.5408659,196.3143468,142.6331193,260.9629601,123.5421432,411.807144,975.5,503.4,193.8,Jul-35
421,Feb-36,48.34452651,265.0137936,432.5758959,169.7254249,128.0044205,178.5869667,121.6590098,230.3598531,109.5671378,365.2237926,975.5,460,173.4,Aug-35
422,Mar-36,44.6097602,241.165602,372.4369937,141.6192715,112.2980415,169.3448408,110.7739514,217.5717734,108.2055078,360.685026,975.5,474.3,186.3,Sep-35
423,Apr-36,35.00862361,175.5128623,260.5577207,102.4760015,94.3691305,143.2714689,89.37528951,180.8993868,101.9141757,339.7139189,975.5,435.2,200.3,Oct-35
424,May-36,27.68265806,139.05862,189.5028477,81.50423714,84.39064243,128.6907712,88.46665681,185.1950698,106.868625,356.2287501,975.5,424.8,225.3,Nov-35
425,Jun-36,27.30039405,132.4850172,169.6621806,75.860535,85.28518281,128.5082699,94.16090492,195.9642662,113.4220306,378.0734353,975.5,443.3,218.6,Dec-35
426,Jul-36,31.78362183,155.5508763,181.7037806,83.14727687,97.91317092,152.3431461,102.0950276,216.8990646,124.2667664,414.2225546,975.5,473,213.4,Jan-36
427,Aug-36,31.11608444,151.0720469,179.1477566,82.56710374,97.05525667,160.0925645,102.0646163,213.9155729,126.475349,421.5844965,975.5,462.3,229.1,Feb-36
428,Sep-36,27.27210388,133.792804,164.0343921,72.3894889,87.19512075,152.0655193,88.93243711,192.4973615,106.760034,355.8667801,975.5,438.9,206.1,Mar-36
429,Oct-36,29.88444795,144.0634328,216.8983088,87.60192049,90.8008789,150.2441769,88.67545529,189.4058988,101.7629469,339.2098229,975.5,436.5,201.9,Apr-36
430,Nov-36,36.5095455,188.947721,302.457757,119.954995,106.6454173,160.5403273,99.81076544,201.0007121,100.1780813,333.9269377,975.5,456.9,177.9,May-36
431,Dec-36,45.31234011,251.0671942,410.2726585,162.6962776,137.4018718,192.0976017,123.2527665,237.9280807,114.1072024,380.3573413,975.5,479.9,174.7,Jun-36
432,Jan-37,48.61709917,268.4628209,449.0426167,184.4019222,142.8317437,186.8995538,136.2642469,243.0247307,118.3724939,394.5749798,975.5,503.4,193.8,Jul-36
433,Feb-37,45.92730019,245.6117076,402.288764,162.4525383,123.9188511,170.0223389,116.226676,214.5252386,104.9822758,349.9409194,975.5,460,173.4,Aug-36
434,Mar-37,42.37927219,223.5094805,346.3605331,135.5507588,108.713779,161.2234445,105.8276586,202.6161936,103.6776236,345.5920786,975.5,474.3,186.3,Sep-36
435,Apr-37,33.25819243,162.6632834,242.3145728,98.08481299,91.35711238,136.4004926,85.38449257,168.4646156,97.64955369,325.4985123,975.5,435.2,200.3,Oct-36
436,May-37,26.29852516,128.8779149,176.2346611,78.01170752,81.6971118,122.5190523,84.51643225,172.4650194,102.396683,341.3222766,975.5,424.8,225.3,Nov-36
437,Jun-37,25.93537435,122.7855761,157.7831534,72.60984308,82.56310076,122.3453033,89.95642007,182.4939563,108.6758598,362.2528659,975.5,443.3,218.6,Dec-36
438,Jul-37,30.19444074,144.1627466,168.9816516,79.58434153,94.78803622,145.0371127,97.53626729,201.9897259,119.0667951,396.8893171,975.5,473,213.4,Jan-37
439,Aug-37,29.56028022,140.0118195,166.6045895,79.02902934,93.95750437,152.4148865,97.50721391,199.2113153,121.1829591,403.9431968,975.5,462.3,229.1,Feb-37
440,Sep-37,25.90849869,123.9976177,152.5493989,69.28753441,84.41207844,144.7728002,84.96141447,179.2653618,102.292636,340.9754533,975.5,438.9,206.1,Mar-37
441,Oct-37,28.39022555,133.5163172,201.712008,83.84809967,87.90275013,143.0388053,84.71590744,176.3864019,97.50465307,325.0155102,975.5,436.5,201.9,Apr-37
442,Nov-37,34.68406822,175.1145546,281.2809461,114.814816,103.241572,152.8411755,95.35400229,187.184204,95.98610658,319.9536886,975.5,456.9,177.9,May-37
443,Dec-37,43.0467231,232.6861612,381.5471049,155.7245963,133.0163601,182.8850344,117.7492681,221.5732368,109.3323604,364.4412013,975.5,479.9,174.7,Jun-37
444,Jan-38,46.73908471,242.2987466,410.1515364,174.5458122,137.9714646,176.9406125,127.7762148,237.221186,113.4162833,378.0542777,975.5,503.4,193.8,Jul-37
445,Feb-38,44.15318912,221.6746763,367.4469828,153.7696022,119.7021399,160.9626999,108.9868037,209.4022751,100.5867084,335.2890282,975.5,460,173.4,Aug-37
446,Mar-38,40.74221677,201.7265064,316.3626336,128.3056976,105.0144661,152.6326545,99.23555113,197.7776237,99.3366815,331.1222717,975.5,474.3,186.3,Sep-37
447,Apr-38,31.9734723,146.810309,221.3279779,92.84227159,88.24841221,129.1323934,80.06580972,164.4416014,93.56100456,311.8700152,975.5,435.2,200.3,Oct-37
448,May-38,25.2826478,116.3176232,160.9711736,73.84205481,78.91712216,115.9906255,79.25182172,168.3464737,98.10937337,327.0312446,975.5,424.8,225.3,Nov-37
449,Jun-38,24.93352502,110.8190367,144.1177304,68.72891496,79.75364325,115.8261348,84.35294741,178.1359149,104.1256435,347.0854782,975.5,443.3,218.6,Dec-37
450,Jul-38,29.02806929,130.112813,154.3463392,75.330633,91.56258856,137.3088113,91.4606386,197.1661164,114.0815144,380.2717145,975.5,473,213.4,Jan-38
451,Aug-38,28.41840556,126.3664304,152.1751518,74.80500173,90.76031804,144.2934604,91.43339498,194.4540555,116.1090753,387.0302511,975.5,462.3,229.1,Feb-38
452,Sep-38,24.90768754,111.9129541,139.3372656,65.58418058,81.5397039,137.0585827,79.66908556,174.9844207,98.0096828,326.6989427,975.5,438.9,206.1,Mar-38
453,Oct-38,27.29354857,120.5039722,184.241956,79.36649727,84.91159501,135.4169836,79.4388714,172.1742117,93.42217088,311.4072363,975.5,436.5,201.9,Apr-38
454,Nov-38,33.34426839,158.0480937,256.919517,108.6780716,99.72846735,144.6970347,89.41430901,182.7141572,91.96720534,306.5573511,975.5,456.9,177.9,May-38
455,Dec-38,41.38388493,210.0088385,348.5017357,147.4012624,128.4900789,173.1400067,110.414552,216.2819638,104.7546567,349.1821888,975.5,479.9,174.7,Jun-38
456,Jan-39,43.12390689,222.560712,385.9092382,162.6398559,134.1692845,165.7907051,118.8096628,225.3658164,108.5238271,361.7460902,975.5,503.4,193.8,Jul-38
457,Feb-39,40.73802532,203.6167107,345.7287677,143.2808134,116.4034209,150.8196401,101.3387774,198.9371838,96.24768361,320.825612,975.5,460,173.4,Aug-38
458,Mar-39,37.59088508,185.29355,297.6637952,119.5538289,102.120506,143.0145123,92.27180804,187.8934862,95.05157927,316.8385976,975.5,474.3,186.3,Sep-38
459,Apr-39,29.50038604,134.8509118,208.2462304,86.50940107,85.81648647,120.9951195,74.44728165,156.2234655,89.52504862,298.4168287,975.5,435.2,200.3,Oct-38
460,May-39,23.32708388,106.8422078,151.4568579,68.80520937,76.74234557,108.6814797,73.69041434,159.9331878,93.87721372,312.9240457,975.5,424.8,225.3,Nov-38
461,Jun-39,23.00496508,101.7915447,135.5995495,64.04084226,77.55581404,108.5273543,78.43357429,169.2333917,99.63395902,332.1131967,975.5,443.3,218.6,Dec-38
462,Jul-39,26.78280426,119.5136199,145.2235891,70.19225006,89.03933165,128.6563006,85.04249125,187.3125396,109.1603619,363.8678731,975.5,473,213.4,Jan-39
463,Aug-39,26.22029685,116.0724235,143.1807313,69.70247265,88.25916989,135.2008123,85.01715942,184.7360167,111.1004597,370.3348656,975.5,462.3,229.1,Feb-39
464,Sep-39,22.98112607,102.79635,131.1016374,61.11061357,79.29265493,128.4218401,74.07839717,166.2393967,93.78182353,312.6060784,975.5,438.9,206.1,Mar-39
465,Oct-39,25.18244536,110.6875303,173.3522042,73.95282371,82.57162437,126.8836864,73.86433803,163.5696307,89.39220383,297.9740128,975.5,436.5,201.9,Apr-39
466,Nov-39,30.76515371,145.173249,241.7341063,101.2650242,96.98017738,135.5789553,83.13976053,173.5828318,88.00000137,293.3333379,975.5,456.9,177.9,May-39
467,Dec-39,38.18292146,192.9011903,327.9032928,137.3468649,124.9491842,162.2295943,102.6663351,205.4730532,100.2358384,334.1194612,975.5,479.9,174.7,Jun-39
468,Jan-40,40.64727533,206.9746912,364.9844584,154.1175499,126.530042,155.1952129,112.463577,206.7448171,104.4768094,348.2560314,975.5,503.4,193.8,Jul-39
469,Feb-40,38.39841635,189.3573463,326.9826542,135.7729186,109.7757194,141.1809314,95.92587953,182.4998677,92.65846192,308.8615397,975.5,460,173.4,Aug-39
470,Mar-40,35.43201825,172.3173643,281.5238618,113.2892248,96.30603575,133.8746202,87.34321223,172.3686629,91.50696213,305.0232071,975.5,474.3,186.3,Sep-39
471,Apr-40,27.80616137,125.4072454,196.9546983,81.9763204,80.93032375,113.2624614,70.47076306,143.3153986,86.18652417,287.2884139,975.5,435.2,200.3,Oct-39
472,May-40,21.98739561,99.36000278,143.2445606,65.1998259,72.37284033,101.7357721,69.75432297,146.7186026,90.37639045,301.2546348,975.5,424.8,225.3,Nov-39
473,Jun-40,21.68377628,94.6630398,128.2470675,60.68511097,73.13999206,101.5914966,74.24413232,155.2503711,95.918458,319.7281933,975.5,443.3,218.6,Dec-39
474,Jul-40,25.24465192,111.1440305,137.3492722,66.51418585,83.96966869,120.4340253,80.50004134,171.8357174,105.0896069,350.2986898,975.5,473,213.4,Jan-40
475,Aug-40,24.71444964,107.9438225,135.4171823,66.05007271,83.23392726,126.5602848,80.47606258,169.4720814,106.9573555,356.5245184,975.5,462.3,229.1,Feb-40
476,Sep-40,21.66130636,95.59747808,123.9930413,57.90842586,74.77794184,120.2145489,70.12158213,152.5037568,90.2845575,300.948525,975.5,438.9,206.1,Mar-40
477,Oct-40,23.73620258,102.9360357,163.9526968,70.07770596,77.87021548,118.7746968,69.91895672,150.0545821,86.05863336,286.8621112,975.5,436.5,201.9,Apr-40
478,Nov-40,28.99829267,135.006705,228.6267939,95.95875093,91.45838376,126.9142611,78.69894286,159.2404357,84.71834824,282.3944941,975.5,456.9,177.9,May-40
479,Dec-40,35.99005362,179.3922384,310.1237127,130.1499081,117.8349097,151.8616886,97.18252723,188.4957066,96.49789236,321.6596412,975.5,479.9,174.7,Jun-40
480,Jan-41,37.59550184,193.1772301,345.0793486,147.0413683,117.6350335,146.0473606,106.8580578,192.6963077,100.1415111,333.8050369,975.5,503.4,193.8,Jul-40
481,Feb-41,35.51548587,176.7343024,309.1500439,129.5390158,102.0585328,132.8591392,91.14464837,170.0988259,88.81356966,296.0452322,975.5,460,173.4,Aug-40
482,Mar-41,32.77180319,160.8302491,266.1704317,108.0876425,89.53576215,125.9834925,82.98976674,160.6560463,87.70985171,292.3661724,975.5,474.3,186.3,Sep-40
483,Apr-41,25.71849115,117.0472784,186.2134057,78.21244453,75.2409562,106.5863001,66.95829062,133.5769792,82.61018701,275.36729,975.5,435.2,200.3,Oct-40
484,May-41,20.3365949,92.73641146,135.4324507,62.20622909,67.28506024,95.73904191,66.27756004,136.7489322,86.62619346,288.7539782,975.5,424.8,225.3,Nov-40
485,Jun-41,20.05577113,88.35256002,121.2528739,57.8988036,67.99828154,95.60327068,70.54358393,144.7009588,91.93829117,306.4609706,975.5,443.3,218.6,Dec-40
486,Jul-41,23.34929833,103.7348858,129.8586728,63.46024127,78.06663648,113.3351422,76.48767984,160.1593149,100.7288804,335.7629346,975.5,473,213.4,Jan-41
487,Aug-41,22.85890332,100.7480119,128.0319531,63.01743751,77.38261736,119.1002944,76.46489626,157.9562902,102.5191261,341.7304204,975.5,462.3,229.1,Feb-41
488,Sep-41,20.03498824,89.22470625,117.230849,55.24960773,69.52108414,113.1286027,66.62651391,142.1409796,86.53817115,288.4605705,975.5,438.9,206.1,Mar-41
489,Oct-41,21.95410248,96.07405694,155.01123,66.86014526,72.39597225,111.7736215,66.43398795,139.8582287,82.48760307,274.9586769,975.5,436.5,201.9,Apr-41
490,Nov-41,26.82111794,126.0068135,216.1582043,91.55288316,85.02889804,119.433406,74.77635347,148.4198947,81.20293351,270.676445,975.5,456.9,177.9,May-41
491,Dec-41,33.2879416,167.433494,293.2105363,124.1741813,109.5511653,142.9103282,92.33866101,175.6872417,92.49368171,308.3122724,975.5,479.9,174.7,Jun-41
492,Jan-42,35.91702642,176.0837089,326.768371,138.069781,114.6584032,135.14386,101.8677786,180.8616281,95.96698466,319.8899489,975.5,503.4,193.8,Jul-41
493,Feb-42,33.92987411,161.0957536,292.7455863,121.6353176,99.47604938,122.9402355,86.88818649,159.6519984,85.11126291,283.7042097,975.5,460,173.4,Aug-41
494,Mar-42,31.30868491,146.5989897,252.0466053,101.4927792,87.27015425,116.5779059,79.11413844,150.7891586,84.05355485,280.1785162,975.5,474.3,186.3,Sep-41
495,Apr-42,24.57027253,106.6902082,176.3323464,73.44038761,73.33706327,98.62885546,63.83133345,125.3731856,79.16647617,263.8882539,975.5,435.2,200.3,Oct-41
496,May-42,19.42865451,84.53051777,128.245986,58.41077598,65.58248286,88.59142416,63.18239304,128.3503292,83.01507028,276.7169009,975.5,424.8,225.3,Nov-41
497,Jun-42,19.1603683,80.53457673,114.8188214,54.36616391,66.27765684,88.46578924,67.2491933,135.8139723,88.10572642,293.6857547,975.5,443.3,218.6,Dec-41
498,Jul-42,22.30685385,94.55577881,122.96797,59.58827582,76.09124269,104.8738472,72.91569949,150.3229346,96.52986873,321.7662291,975.5,473,213.4,Jan-42
499,Aug-42,21.83835284,91.83320204,121.2381816,59.1724893,75.42453196,110.2085888,72.89397989,148.2552114,98.24548579,327.4849526,975.5,462.3,229.1,Feb-42
500,Sep-42,19.14051328,81.32955005,111.0102176,51.87860617,67.76192653,104.6827274,63.51505074,133.4112174,82.93071728,276.4357243,975.5,438.9,206.1,Mar-42
501,Oct-42,20.97394742,87.57282764,146.7858547,62.78073795,70.56406863,103.4289054,63.33151576,131.2686644,79.04900229,263.4966743,975.5,436.5,201.9,Apr-42
502,Nov-42,25.62367184,114.856948,204.6881813,85.96687225,82.87733158,110.5168311,71.28429218,139.3045053,77.81788582,259.3929527,975.5,456.9,177.9,May-42
503,Dec-42,31.80177998,152.6179385,277.6518783,116.5978133,106.7790888,132.2410299,88.02643865,164.8971948,88.63796481,295.4598827,975.5,479.9,174.7,Jun-42
504,Jan-43,33.62819631,168.124618,310.9419418,131.2884403,107.2633373,129.9385164,94.98620623,167.1545036,91.19094946,303.9698315,975.5,503.4,193.8,Jul-42
505,Feb-43,31.76767625,153.8141274,278.5669885,115.6611608,93.06019223,118.2049396,81.01854499,147.5523074,80.87548965,269.5849655,975.5,460,173.4,Aug-42
506,Mar-43,29.31352362,139.972626,239.8391883,96.50792943,81.64153463,112.0876683,73.76966471,139.3611637,79.87042106,266.2347369,975.5,474.3,186.3,Sep-42
507,Apr-43,23.00451987,101.8677458,167.7920112,69.8333399,68.60707927,94.82996237,59.51927379,115.8714141,75.22655998,250.7551999,975.5,435.2,200.3,Oct-42
508,May-43,18.19055398,80.70968685,122.0346259,55.54191236,61.35264216,85.17914337,58.91417188,118.6229262,78.88361925,262.9453975,975.5,424.8,225.3,Nov-42
509,Jun-43,17.93936444,76.89436478,109.2577815,51.69595269,62.00297986,85.05834754,62.70624366,125.5209155,83.72092625,279.0697542,975.5,443.3,218.6,Dec-42
510,Jul-43,20.88533865,90.28179998,117.012241,56.66157893,71.18362375,100.8344154,67.98995488,138.9302738,91.72582021,305.752734,975.5,473,213.4,Jan-43
511,Aug-43,20.4466931,87.68228534,115.3662317,56.2662139,70.55991353,105.9636785,67.96970254,137.019259,93.35605533,311.1868511,975.5,462.3,229.1,Feb-43
512,Sep-43,17.92077468,77.65340482,105.6336404,49.33057212,63.39151934,100.650657,59.22435723,123.3002603,78.80346429,262.6782143,975.5,438.9,206.1,Mar-43
513,Oct-43,19.63737234,83.61448246,139.6765499,59.69724227,66.01293308,99.44512853,59.05322077,121.3200869,75.11493248,250.3831083,975.5,436.5,201.9,Apr-43
514,Nov-43,23.99079079,109.665344,194.7744831,81.7445823,77.53203365,106.2600482,66.46875561,128.7469082,73.94508557,246.4836186,975.5,456.9,177.9,May-43
515,Dec-43,29.77519596,145.7195147,264.2043167,110.8710751,99.89221116,127.1474948,82.07990371,152.3999813,84.22667647,280.7555882,975.5,479.9,174.7,Jun-43
516,Jan-44,29.82521704,159.5395311,297.2553836,123.2434957,102.4379406,122.1972363,91.04411347,153.2818592,87.52368622,291.7456207,975.5,503.4,193.8,Jul-43
517,Feb-44,28.17510134,145.959789,266.3054606,108.573807,88.87374456,111.1627048,77.65613447,135.3065069,77.6230648,258.7435493,975.5,460,173.4,Aug-43
518,Mar-44,25.99848639,132.8250877,229.2823205,90.5942257,77.96877182,105.4098789,70.70809532,127.7951703,76.65841525,255.5280508,975.5,474.3,186.3,Sep-43
519,Apr-44,20.4029616,96.66598856,160.4064038,65.55417149,65.52069034,89.18032649,57.04912041,106.2549042,72.20130802,240.6710267,975.5,435.2,200.3,Oct-43
520,May-44,16.13340233,76.58834114,116.6630957,52.13847789,58.5926046,80.10446937,56.46913128,108.7780603,75.71129788,252.3709929,975.5,424.8,225.3,Nov-43
521,Jun-44,15.91061956,72.96784402,104.4486426,48.52818658,59.21368591,79.99087014,60.10382548,115.1035651,80.35407157,267.8469052,975.5,443.3,218.6,Dec-43
522,Jul-44,18.52343648,85.67166551,111.8617784,53.18953479,67.98132523,94.82705534,65.16825351,127.4000413,88.03704702,293.4568234,975.5,473,213.4,Jan-44
523,Aug-44,18.13439692,83.20489204,110.2882206,52.81839649,67.38567352,99.65073493,65.14884167,125.6476272,89.6017219,298.6724063,975.5,462.3,229.1,Feb-44
524,Sep-44,15.8941321,73.68812458,100.9840233,46.30774913,60.53975994,94.65424457,56.7664434,113.0672086,75.63436637,252.1145546,975.5,438.9,206.1,Mar-44
525,Oct-44,17.41660143,79.34480676,133.528485,56.03918219,63.04324558,93.52053727,56.6024094,111.2513757,72.09416965,240.3138988,975.5,436.5,201.9,Apr-44
526,Nov-44,21.27769613,104.0654115,186.2012032,76.73553026,74.04414271,99.929448,63.71018665,118.0618232,70.97136838,236.5712279,975.5,456.9,177.9,May-44
527,Dec-44,26.40794867,138.2785182,252.5749825,104.0772427,95.39841521,119.5724939,78.67344495,139.7518581,80.83948294,269.4649431,975.5,479.9,174.7,Jun-44
528,Jan-45,25.41188307,154.7104197,275.9572034,119.8598454,97.18232776,114.9693037,87.02226738,144.5506795,83.18007208,277.2669069,975.5,503.4,193.8,Jul-44
529,Feb-45,24.00594034,141.5417236,247.2248249,105.592913,84.31404733,104.5874616,74.22569829,127.599232,73.77079742,245.9026581,975.5,460,173.4,Aug-44
530,Mar-45,22.15140615,128.8045973,212.8543718,88.10696113,73.96855788,99.17491381,67.58458667,120.5157532,72.85402137,242.8467379,975.5,474.3,186.3,Sep-44
531,Apr-45,17.38386929,93.74000012,148.9133756,63.75438164,62.15912938,83.90533491,54.52899283,100.2024551,68.61811088,228.7270363,975.5,435.2,200.3,Oct-44
532,May-45,13.74609053,74.27008418,108.3042509,50.70701592,55.5864914,75.36631222,53.97462454,102.5818881,71.95390742,239.8463581,975.5,424.8,225.3,Nov-44
533,Jun-45,13.55627365,70.7591761,96.96495642,47.19584516,56.17570793,75.25943235,57.44875723,108.547082,76.36627014,254.5542338,975.5,443.3,218.6,Dec-44
534,Jul-45,15.78246359,83.07846488,103.8469452,51.72921605,64.49352058,89.21806131,62.28946568,120.1431313,83.66795589,278.8931863,975.5,473,213.4,Jan-45
535,Aug-45,15.45099147,80.68635832,102.386132,51.36826735,63.92842897,93.75642159,62.27091136,118.4905376,85.15497928,283.8499309,975.5,462.3,229.1,Feb-45
536,Sep-45,13.5422259,71.45765444,93.74857515,45.03636982,57.43374728,89.05547225,54.25880299,106.6267197,71.88079386,239.6026462,975.5,438.9,206.1,Mar-45
537,Oct-45,14.83941051,76.94311418,123.9612446,54.50062638,59.80879075,87.98882342,54.10201514,104.9143195,68.51628956,228.3876319,975.5,436.5,201.9,Apr-45
538,Nov-45,18.12916651,100.9154495,172.8599923,74.62875619,70.24528317,94.01864886,60.89580849,111.3368331,67.44921052,224.8307017,975.5,456.9,177.9,May-45
539,Dec-45,22.50027897,134.0929576,234.4781278,101.2198019,90.50396757,112.499814,75.19806939,131.7913689,76.82759158,256.0919719,975.5,479.9,174.7,Jun-45
540,Jan-46,24.68415247,144.5028537,265.3727403,115.4372319,90.31049769,107.6900363,83.23968127,135.6953598,80.12817728,267.0939243,975.5,503.4,193.8,Jul-45
541,Feb-46,23.31847231,132.2030087,237.7424052,101.6967238,78.35214233,97.96551925,70.99933906,119.782375,71.06413093,236.8804364,975.5,460,173.4,Aug-45
542,Mar-46,21.51704718,120.3062593,204.6902463,84.85597217,68.73818964,92.89566628,64.64689581,113.1328372,70.18099159,233.9366386,975.5,474.3,186.3,Sep-45
543,Apr-46,16.88604024,87.5551727,143.2017359,61.40195922,57.76381406,78.59287889,52.15878785,94.06395212,66.10049757,220.3349919,975.5,435.2,200.3,Oct-45
544,May-46,13.35243805,69.36985319,104.1501924,48.83601791,51.65593189,70.59450338,51.62851622,96.29761873,69.31390302,231.0463434,975.5,424.8,225.3,Nov-45
545,Jun-46,13.16805704,66.09058967,93.24582174,45.45440306,52.2034845,70.49439059,54.95163922,101.8973789,73.5643752,245.214584,975.5,443.3,218.6,Dec-45
546,Jul-46,15.33049466,77.59706988,99.86384871,49.82050069,59.93313883,83.56923068,59.58193719,112.7830425,80.59816052,268.6605351,975.5,473,213.4,Jan-46
547,Aug-46,15.00851504,75.36279099,98.45906564,49.47287035,59.40800524,87.82024523,59.56418936,111.2316883,82.0306247,273.4354157,975.5,462.3,229.1,Feb-46
548,Sep-46,13.15441157,66.74298343,90.15280623,43.37460849,53.37256702,83.41693592,51.90034232,100.0946599,69.24347201,230.8115734,975.5,438.9,206.1,Mar-46
549,Oct-46,14.41444818,71.8665206,119.2066551,52.48965094,55.57966951,82.41782183,51.75036955,98.48716302,66.0024121,220.0080403,975.5,436.5,201.9,Apr-46
550,Nov-46,17.60999408,94.25719647,166.2298692,71.87508884,65.27819028,88.06586961,58.24885792,104.516227,64.97448443,216.5816148,975.5,456.9,177.9,May-46
551,Dec-46,21.85592918,125.2457014,225.4846133,97.48497263,84.104369,105.3769021,71.92944422,123.7176974,74.00877065,246.6959022,975.5,479.9,174.7,Jun-46
552,Jan-47,23.25216645,141.3217724,240.0389642,111.3656195,85.22929678,104.260875,79.03554188,127.8952301,77.40614213,258.0204738,975.5,503.4,193.8,Jul-46
553,Feb-47,21.96571262,129.2926958,215.0463556,98.10975587,73.9437625,94.84601468,67.41341569,112.896966,68.65001059,228.8333686,975.5,460,173.4,Aug-46
554,Mar-47,20.26879242,117.6578411,185.1495171,81.86299821,64.87072616,89.93760045,61.38181169,106.6296612,67.79687239,225.9895746,975.5,474.3,186.3,Sep-46
555,Apr-47,15.90644114,85.62773587,129.5309998,59.23623699,54.51380933,76.09025504,49.52443353,88.65690631,63.85499688,212.8499896,975.5,435.2,200.3,Oct-46
556,May-47,12.57783157,67.84274741,94.20750711,47.1135118,48.74957908,68.34657087,49.02094403,90.76217583,66.95923969,223.1974656,975.5,424.8,225.3,Nov-46
557,Jun-47,12.40414693,64.63567349,84.34412082,43.85117065,49.26632437,68.24964596,52.17622793,96.0400469,71.06531904,236.8843968,975.5,443.3,218.6,Dec-46
558,Jul-47,14.44113643,75.88885041,90.33035866,48.06327067,56.5610799,80.90814544,56.57266607,106.2999737,77.86015956,259.5338652,975.5,473,213.4,Jan-47
559,Aug-47,14.13783562,73.70375687,89.05968303,47.72790168,56.06549227,85.02379543,56.55581462,104.8377955,79.24396149,264.1465383,975.5,462.3,229.1,Feb-47
560,Sep-47,12.39129307,65.27370548,81.54637966,41.84473298,50.36963,80.76070018,49.27904115,94.34095299,66.8912013,222.970671,975.5,438.9,206.1,Mar-47
561,Oct-47,13.57823197,70.28445327,107.8266064,50.63827673,52.45255279,79.79340077,49.13664297,92.8258593,63.76024347,212.5341449,975.5,436.5,201.9,Apr-47
562,Nov-47,16.5883967,92.18222149,150.3607552,69.33996651,61.6053991,85.26159842,55.30691588,98.50835662,62.76723553,209.2241184,975.5,456.9,177.9,May-47
563,Dec-47,20.58801508,122.4885464,203.9587524,94.04655837,79.37234773,102.0213977,68.29654456,116.6060756,71.49461793,238.3153931,975.5,479.9,174.7,Jun-47
564,Jan-48,21.9845067,134.9723852,225.4476284,107.6871283,83.18286346,99.64074763,76.16442229,119.2364655,74.07705433,246.9235144,975.5,503.4,193.8,Jul-47
565,Feb-48,20.76818765,123.483758,201.9742546,94.86911593,72.16830517,90.64308936,64.96449242,105.253614,65.697507,218.99169,975.5,460,173.4,Aug-47
566,Mar-48,19.16378001,112.3716409,173.894766,79.15900104,63.31312073,85.9521824,59.15199815,99.41061842,64.88106062,216.2702021,975.5,474.3,186.3,Sep-47
567,Apr-48,15.03925505,81.78060291,121.6571517,57.27961898,53.20488294,72.71845645,47.72536228,82.65465519,61.10871751,203.695725,975.5,435.2,200.3,Oct-47
568,May-48,11.89211435,64.79466881,88.4808811,45.55731663,47.57905713,65.31791928,47.24016301,84.61739373,64.07945288,213.5981763,975.5,424.8,225.3,Nov-47
569,Jun-48,11.72789864,61.73168419,79.21706406,42.40273309,48.08339489,65.22528942,50.2808251,89.53794229,68.00893772,226.6964591,975.5,443.3,218.6,Dec-47
570,Jul-48,13.65383571,72.47927179,84.83941428,46.47570424,55.20299667,77.32285096,54.51755408,99.10325137,74.51154536,248.3718179,975.5,473,213.4,Jan-48
571,Aug-48,13.36707022,70.39235141,83.64597967,46.15141275,54.71930855,81.25612355,54.5013148,97.74006555,75.83583266,252.7861089,975.5,462.3,229.1,Feb-48
572,Sep-48,11.71574554,62.3410503,76.5893902,40.46256958,49.16020915,77.18193947,47.48888426,87.95388046,64.01434068,213.3811356,975.5,438.9,206.1,Mar-48
573,Oct-48,12.837975,67.12667228,101.2721112,48.96565589,51.19311905,76.25750414,47.35165897,86.54136166,61.01803926,203.3934642,975.5,436.5,201.9,Apr-48
574,Nov-48,15.68403182,88.04060478,141.2207213,67.04961462,60.12619715,81.48338874,53.29778473,91.83914247,60.06773867,200.2257956,975.5,456.9,177.9,May-48
575,Dec-48,19.46559932,116.9853094,191.5606375,90.94012893,77.46654511,97.5005086,65.81553992,108.7116094,68.4197733,228.065911,975.5,479.9,174.7,Jun-48
576,Jan-49,21.2567761,123.9727426,214.4179572,103.3627951,81.20619491,95.62637026,74.60353585,112.7191157,71.10000163,237.0000054,975.5,503.4,193.8,Jul-48
577,Feb-49,20.08071961,113.4203869,192.0929813,91.05950867,70.4533748,86.99121425,63.63313334,99.50055336,63.05721653,210.1907218,975.5,460,173.4,Aug-48
578,Mar-49,18.52942104,103.2138574,165.3872376,75.98025628,61.80861548,82.48929695,57.93975825,93.97693027,62.27358198,207.5786066,975.5,474.3,186.3,Sep-48
579,Apr-49,14.541426,75.11585146,115.7052666,54.97947261,51.94057904,69.78873811,46.74729577,78.13683177,58.65284404,195.5094801,975.5,435.2,200.3,Oct-48
580,May-49,11.49846187,59.51419462,84.15209293,43.72789636,46.44843933,62.68635756,46.27204,79.99228892,61.50418973,205.0139658,975.5,424.8,225.3,Nov-48
581,Jun-49,11.33968202,56.70082947,75.34149359,40.6999897,46.94079255,62.59745962,49.25038784,84.64388506,65.2757541,217.585847,975.5,443.3,218.6,Dec-48
582,Jul-49,13.20186677,66.57253701,80.68877915,44.60940478,53.89121174,74.20762842,53.40029082,93.68636361,71.51703107,238.3901036,975.5,473,213.4,Jan-49
583,Aug-49,12.92459379,64.65569125,79.55373146,44.29813568,53.41901746,77.98243532,53.38438434,92.3976882,72.78809713,242.6269904,975.5,462.3,229.1,Feb-49
584,Sep-49,11.32793122,57.26053498,72.84237455,38.83773628,47.99201855,74.07239404,46.51566404,83.14640651,61.4416943,204.8056477,975.5,438.9,206.1,Mar-49
585,Oct-49,12.41301267,61.65615029,96.31753221,46.9993688,49.97662056,73.18520284,46.381251,81.81109463,58.56581002,195.2193667,975.5,436.5,201.9,Apr-49
586,Nov-49,15.16485938,80.86569132,134.3117192,64.35713987,58.69742255,78.20054433,52.20551898,86.81930387,57.65370068,192.1790023,975.5,456.9,177.9,May-49
587,Dec-49,18.82124953,107.4515327,182.1888341,87.28829586,75.62571303,93.57235828,64.46673977,102.7695381,65.67007878,218.9002626,975.5,479.9,174.7,Jun-49
588,Jan-50,19.6722014,117.4061732,205.3414569,100.2178255,79.11325174,91.83786579,71.97167623,109.4811308,66.66491381,222.2163794,975.5,503.4,193.8,Jul-49
589,Feb-50,18.5838134,107.4127531,183.9615169,88.2888852,68.63756617,83.54481549,61.388287,96.64228673,59.12382291,197.0794097,975.5,460,173.4,Aug-49
590,Mar-50,17.14815553,97.74684141,158.3862507,73.66844191,60.21560993,79.22125416,55.8957625,91.277336,58.38907005,194.6302335,975.5,474.3,186.3,Sep-49
591,Apr-50,13.45744339,71.13712643,110.8073612,53.30663888,50.60190432,67.02386326,45.09814712,75.89226236,54.99418711,183.313957,975.5,435.2,200.3,Oct-49
592,May-50,10.64131535,56.36185579,80.589861,42.39740888,45.25131461,60.20286326,44.6396574,77.69441938,57.66767107,192.2255702,975.5,424.8,225.3,Nov-49
593,Jun-50,10.49437166,53.69750853,72.15222206,39.46163087,45.73097831,60.11748726,47.51293525,82.21239314,61.20397217,204.0132406,975.5,443.3,218.6,Dec-49
594,Jul-50,12.21774087,63.04633297,77.27315233,43.25209607,52.50226298,71.26768695,51.51643817,90.99511619,67.05592972,223.5197657,975.5,473,213.4,Jan-50
595,Aug-50,11.96113705,61.23101841,76.18615221,42.95029781,52.04223866,74.89294438,51.50109283,89.74345946,68.247709,227.4923633,975.5,462.3,229.1,Feb-50
596,Sep-50,10.48349681,54.22756765,69.75889292,37.65603933,46.75511085,71.13781026,44.87468689,80.75793136,57.60907399,192.0302466,975.5,438.9,206.1,Mar-50
597,Oct-50,11.48769146,58.39035667,92.24032656,45.56934182,48.68856333,70.28576759,44.74501566,79.46097783,54.91258211,183.0419404,975.5,436.5,201.9,Apr-50
598,Nov-50,14.03440327,76.58240965,128.6261863,62.39897642,57.18460238,75.1024124,50.36381543,84.32532056,54.05736847,180.1912282,975.5,456.9,177.9,May-50
599,Dec-50,17.41822982,101.7600562,174.4766209,84.63241725,73.67659672,89.86522921,62.19248551,99.81736615,61.57369959,205.2456653,975.5,479.9,174.7,Jun-50
